<?xml version='1.0' encoding='UTF-8'?><?xml-stylesheet href="http://www.blogger.com/styles/atom.css" type="text/css"?><feed xmlns='http://www.w3.org/2005/Atom' xmlns:openSearch='http://a9.com/-/spec/opensearchrss/1.0/' xmlns:blogger='http://schemas.google.com/blogger/2008' xmlns:georss='http://www.georss.org/georss' xmlns:gd="http://schemas.google.com/g/2005" xmlns:thr='http://purl.org/syndication/thread/1.0'><id>tag:blogger.com,1999:blog-4517687505829869272</id><updated>2021-05-29T12:27:20.274-07:00</updated><category term="Doa Sehari-hari"/><category term="Doa Khusus"/><category term="Doa Keluarga"/><category term="Mohon Perlindungan"/><category term="Doa Kekayaan"/><category term="Doa Memohon Anak"/><category term="Doa Mohon Di Cintai"/><category term="Doa Mohon Jodoh"/><category term="Doa Nabi Ibrahim"/><category term="Doa Nabi Nuh"/><category term="Doa Nabi Sulaiman"/><category term="Doa Sholat Fardhu"/><category term="Doa Wudhu"/><category term="Memohon Rezeki"/><category term="Niat Puasa Sunnah"/><title type='text'>Kumpulan Doa Pilihan</title><subtitle type='html'></subtitle><link rel='http://schemas.google.com/g/2005#feed' type='application/atom+xml' href='https://kumpulan-doa-pilihan.blogspot.com/feeds/posts/default'/><link rel='self' type='application/atom+xml' href='https://www.blogger.com/feeds/4517687505829869272/posts/default?alt=atom&amp;max-results=9999&amp;redirect=false'/><link rel='alternate' type='text/html' href='https://kumpulan-doa-pilihan.blogspot.com/'/><link rel='hub' href='http://pubsubhubbub.appspot.com/'/><author><name>Admin</name><uri>http://www.blogger.com/profile/03504286637759771434</uri><email>noreply@blogger.com</email><gd:image rel='http://schemas.google.com/g/2005#thumbnail' width='16' height='16' src='https://img1.blogblog.com/img/b16-rounded.gif'/></author><generator version='7.00' uri='http://www.blogger.com'>Blogger</generator><openSearch:totalResults>15</openSearch:totalResults><openSearch:startIndex>1</openSearch:startIndex><openSearch:itemsPerPage>9999</openSearch:itemsPerPage><entry><id>tag:blogger.com,1999:blog-4517687505829869272.post-3484393636416429066</id><published>2016-04-28T15:23:00.000-07:00</published><updated>2016-04-28T15:23:00.215-07:00</updated><category scheme="http://www.blogger.com/atom/ns#" term="Doa Khusus"/><category scheme="http://www.blogger.com/atom/ns#" term="Doa Sehari-hari"/><title type='text'>Doa Selamat Dunia Akhirat</title><content type='html'>&lt;b&gt;Doa Sapujagat &lt;/b&gt;merupakan salah satu doa yang sangat dahsyat , walaupun terlihat pendek namun mempunyai makna sebago bahagia di dunia dan di akhirat ,doa ini sering kita dengarkan pada saat sholat jamaah dan pak kyainya membacakan doa ini .&lt;br /&gt;&lt;h3&gt;&lt;br /&gt;&lt;/h3&gt;&lt;h3 style=&quot;text-align: center;&quot;&gt;Do&#39;a Sapu Jagat Arab, Latin , Terjemahan Lengkap&lt;/h3&gt;&lt;br /&gt;&lt;div class=&quot;separator&quot; style=&quot;clear: both; text-align: center;&quot;&gt;&lt;a href=&quot;https://2.bp.blogspot.com/-Y6zZKpcABUo/VyKDRqNiO2I/AAAAAAAAAFQ/ooQFJwVbJxkmtUhKOjmCXmN9yQ1j52itQCLcB/s1600/Doa_Sapu_Jagat.jpg&quot; imageanchor=&quot;1&quot; style=&quot;margin-left: 1em; margin-right: 1em;&quot;&gt;&lt;img alt=&quot;doa sapu jagat arab&quot; border=&quot;0&quot; height=&quot;83&quot; src=&quot;https://2.bp.blogspot.com/-Y6zZKpcABUo/VyKDRqNiO2I/AAAAAAAAAFQ/ooQFJwVbJxkmtUhKOjmCXmN9yQ1j52itQCLcB/s320/Doa_Sapu_Jagat.jpg&quot; title=&quot;doa sapu jagat arab&quot; width=&quot;320&quot; /&gt;&lt;/a&gt;&lt;/div&gt;&lt;br /&gt;&lt;br /&gt;&lt;br /&gt;&lt;br /&gt;&lt;br /&gt;&lt;b&gt;Latin&lt;/b&gt; : Rabbanna Aatina Fiddun Yaa Hasanah , Wa fill Aakhirati hasanah waqinaa adzaa bannaar&lt;br /&gt;&lt;br /&gt;&lt;b&gt;Terjemahan Indonesia&amp;nbsp;&lt;/b&gt;&lt;br /&gt;&lt;br /&gt;Artinya : Ya Tuhan kami,berilah kami kebaikan hidup di dunia da kebaikan hidup di akhirat, dan jagalah kami dari siksa api neraka.&lt;br /&gt;</content><link rel='replies' type='application/atom+xml' href='https://kumpulan-doa-pilihan.blogspot.com/feeds/3484393636416429066/comments/default' title='Post Comments'/><link rel='replies' type='text/html' href='https://kumpulan-doa-pilihan.blogspot.com/2016/04/doa-selamat-dunia-akhirat.html#comment-form' title='1 Comments'/><link rel='edit' type='application/atom+xml' href='https://www.blogger.com/feeds/4517687505829869272/posts/default/3484393636416429066'/><link rel='self' type='application/atom+xml' href='https://www.blogger.com/feeds/4517687505829869272/posts/default/3484393636416429066'/><link rel='alternate' type='text/html' href='https://kumpulan-doa-pilihan.blogspot.com/2016/04/doa-selamat-dunia-akhirat.html' title='Doa Selamat Dunia Akhirat'/><author><name>Admin</name><uri>http://www.blogger.com/profile/03504286637759771434</uri><email>noreply@blogger.com</email><gd:image rel='http://schemas.google.com/g/2005#thumbnail' width='16' height='16' src='https://img1.blogblog.com/img/b16-rounded.gif'/></author><media:thumbnail xmlns:media="http://search.yahoo.com/mrss/" url="https://2.bp.blogspot.com/-Y6zZKpcABUo/VyKDRqNiO2I/AAAAAAAAAFQ/ooQFJwVbJxkmtUhKOjmCXmN9yQ1j52itQCLcB/s72-c/Doa_Sapu_Jagat.jpg" height="72" width="72"/><thr:total>1</thr:total></entry><entry><id>tag:blogger.com,1999:blog-4517687505829869272.post-37905649894565655</id><published>2016-04-26T17:19:00.000-07:00</published><updated>2016-04-26T17:19:20.840-07:00</updated><category scheme="http://www.blogger.com/atom/ns#" term="Doa Khusus"/><category scheme="http://www.blogger.com/atom/ns#" term="Doa Sehari-hari"/><title type='text'>Doa Mohon Dihindarkan Dari Kesesatan</title><content type='html'>&lt;h2&gt;&lt;span style=&quot;font-size: small;&quot;&gt;Doa Mohon Dihindarkan Dari Kesesatan Arab , Latin dan Terjemahan Indonesia&lt;/span&gt;&lt;/h2&gt;Sekarang marak sekali penyakit-penyakit hati yang berdampak buruk bagi kehidupan pribadi maupun sosial , godaan dunia yang semakin hari kian menghanyutkan ,jika tidak hati-hati dan dibenteng dengan iman maka akan mudah sekali terbawa.&lt;br /&gt;&lt;br /&gt;Pada kesempatan kali ini saya akan membagikan doa memohon perlindungan kepada Allah supaya dihindarkan dari kesesatan .&lt;br /&gt;&lt;br /&gt;&lt;h3 style=&quot;text-align: center;&quot;&gt;Doa Mohon Dihindarkan Dari Kesesatan&lt;/h3&gt;Berikut ini merupakan doa dalam versi bahasa Arabnya , kemudian latin dan artinya.&lt;br /&gt;&lt;br /&gt;&lt;div class=&quot;separator&quot; style=&quot;clear: both; text-align: center;&quot;&gt;&lt;a href=&quot;https://1.bp.blogspot.com/-uFqoH6xDqbg/VyACyvFOVfI/AAAAAAAAADQ/qKX1sEvM3qg5tnPpX4kJrC4TNbCuUibSACLcB/s1600/doa%2Bdihindarkan%2Bdari%2Bkesesatan.PNG&quot; imageanchor=&quot;1&quot; style=&quot;margin-left: 1em; margin-right: 1em;&quot;&gt;&lt;img alt=&quot;Doa Mohon Dihindarkan Dari Kesesatan&quot; border=&quot;0&quot; height=&quot;104&quot; src=&quot;https://1.bp.blogspot.com/-uFqoH6xDqbg/VyACyvFOVfI/AAAAAAAAADQ/qKX1sEvM3qg5tnPpX4kJrC4TNbCuUibSACLcB/s320/doa%2Bdihindarkan%2Bdari%2Bkesesatan.PNG&quot; title=&quot;Doa Mohon Dihindarkan Dari Kesesatan&quot; width=&quot;320&quot; /&gt;&lt;/a&gt;&lt;/div&gt;&lt;br /&gt;&lt;span style=&quot;color: #0b5394;&quot;&gt;Latin : &lt;/span&gt;Rabbana Laatuzigh Quluubanaa Ba’dza Idzhadaetanaa Wahablanaa Milladunka Rohmatan, Innaka Antalwahhaab .&lt;br /&gt;&lt;br /&gt;Artinya : Wahai Tuhan kami ,janganlah jadikan hati kami condong kepada kesesatan setelah Engkau beri petunjuk kepada kami , dan karuniakanlah kepada kami rahmat dari sisi Engkau , karena sesungguhnya Engkaulah Dzat yang Maha Pemberi.</content><link rel='replies' type='application/atom+xml' href='https://kumpulan-doa-pilihan.blogspot.com/feeds/37905649894565655/comments/default' title='Post Comments'/><link rel='replies' type='text/html' href='https://kumpulan-doa-pilihan.blogspot.com/2016/04/doa-mohon-dihindarkan-dari-kesesatan.html#comment-form' title='0 Comments'/><link rel='edit' type='application/atom+xml' href='https://www.blogger.com/feeds/4517687505829869272/posts/default/37905649894565655'/><link rel='self' type='application/atom+xml' href='https://www.blogger.com/feeds/4517687505829869272/posts/default/37905649894565655'/><link rel='alternate' type='text/html' href='https://kumpulan-doa-pilihan.blogspot.com/2016/04/doa-mohon-dihindarkan-dari-kesesatan.html' title='Doa Mohon Dihindarkan Dari Kesesatan'/><author><name>Admin</name><uri>http://www.blogger.com/profile/03504286637759771434</uri><email>noreply@blogger.com</email><gd:image rel='http://schemas.google.com/g/2005#thumbnail' width='16' height='16' src='https://img1.blogblog.com/img/b16-rounded.gif'/></author><media:thumbnail xmlns:media="http://search.yahoo.com/mrss/" url="https://1.bp.blogspot.com/-uFqoH6xDqbg/VyACyvFOVfI/AAAAAAAAADQ/qKX1sEvM3qg5tnPpX4kJrC4TNbCuUibSACLcB/s72-c/doa%2Bdihindarkan%2Bdari%2Bkesesatan.PNG" height="72" width="72"/><thr:total>0</thr:total></entry><entry><id>tag:blogger.com,1999:blog-4517687505829869272.post-7686798431709180835</id><published>2016-04-22T14:50:00.001-07:00</published><updated>2016-04-22T14:50:40.231-07:00</updated><category scheme="http://www.blogger.com/atom/ns#" term="Doa Keluarga"/><category scheme="http://www.blogger.com/atom/ns#" term="Doa Sehari-hari"/><title type='text'>Doa Ketika Bercermin Lengkap Arab Latin Terjemahan</title><content type='html'>&lt;h2&gt;&lt;span style=&quot;font-size: small;&quot;&gt;Doa ketika bercermin arab latin terjemahan bahasa Indonesia lengkap&lt;/span&gt;&lt;/h2&gt;Pada kehidupan sehari-hari kita pasti tak lepas dengan namanya cermin , setiap kai kita membutuhkan kaca cermin untuk berhias , saat akan menyisir rambut , merapihkan baju maupun aktifitas lainnya. Untuk itu dalam pandangan Islam kita sebaiknya membaca doa saat bercermin karena doa merupakan senjatanya umat Islam dalam menankal setiap godaan dan rintangan maupun bujuk rayu jin dan syaitan.&lt;br /&gt;&lt;br /&gt;&lt;div class=&quot;separator&quot; style=&quot;clear: both; text-align: center;&quot;&gt;&lt;a href=&quot;https://1.bp.blogspot.com/-viX77AvbFbo/Vxqb7B_-p8I/AAAAAAAAAB0/GuIUq_Dwi6sQnyO_wTsmnJFwVLapNHThgCLcB/s1600/doa%2Bbercermin.PNG&quot; imageanchor=&quot;1&quot; style=&quot;margin-left: 1em; margin-right: 1em;&quot;&gt;&lt;img alt=&quot;doa ketika bercermin&quot; border=&quot;0&quot; height=&quot;177&quot; src=&quot;https://1.bp.blogspot.com/-viX77AvbFbo/Vxqb7B_-p8I/AAAAAAAAAB0/GuIUq_Dwi6sQnyO_wTsmnJFwVLapNHThgCLcB/s400/doa%2Bbercermin.PNG&quot; title=&quot;doa ketika bercermin&quot; width=&quot;400&quot; /&gt;&lt;/a&gt;&lt;/div&gt;&lt;br /&gt;&lt;br /&gt;Bercermin bagi kaum hawa biasanya dilakukan setiap hari saat merias diri , maupun kaum adam yang tiap hari berkaca , tetapi jangan lupa ya untuk membaca doa berikut ini saat anda &lt;b&gt;berada di depan cermin.&amp;nbsp;&amp;nbsp;&lt;/b&gt;&lt;br /&gt;&lt;br /&gt;&lt;h3&gt;Doa Ketika Bercermin bahasa Arab&lt;/h3&gt;&lt;br /&gt;&lt;span style=&quot;font-size: large;&quot;&gt;اَللَّهُـمَّ كَمَا حَسَّـنْتَ خَلْقِـيْ فَحَسِّـنْ خُلُقِـيْ&lt;/span&gt;&lt;br /&gt;&lt;br /&gt;&lt;h3&gt;Latin Doa Bercermin&lt;/h3&gt;&lt;br /&gt;Allahummakamaa hasanta kholqii fa hassin khuluqii&lt;br /&gt;&lt;br /&gt;&lt;h3&gt;Berikut Terjemahan(makna/arti) bahasa Indonesia do&#39;a saat Bercermin&lt;/h3&gt;&lt;br /&gt;&lt;b&gt;Artinya :&lt;/b&gt; Ya Allah sebagaimana Engkau ciptakan aku dengan baik , maka perbaikilah akhlakku.&lt;br /&gt;&lt;br /&gt;Itulah doa bercermin arab,latin,terjemahan , dari arti di atas kita tahu bahwa manusia diciptakan oleh Allah dengan sangat sempurna , oleh karena itu semoga selain baik dari luar (wajah maupun tubuh ) juga baik dalam hati (perbuatan,akhlaknya).</content><link rel='replies' type='application/atom+xml' href='https://kumpulan-doa-pilihan.blogspot.com/feeds/7686798431709180835/comments/default' title='Post Comments'/><link rel='replies' type='text/html' href='https://kumpulan-doa-pilihan.blogspot.com/2016/04/doa-ketika-bercermin-lengkap-arab-latin.html#comment-form' title='0 Comments'/><link rel='edit' type='application/atom+xml' href='https://www.blogger.com/feeds/4517687505829869272/posts/default/7686798431709180835'/><link rel='self' type='application/atom+xml' href='https://www.blogger.com/feeds/4517687505829869272/posts/default/7686798431709180835'/><link rel='alternate' type='text/html' href='https://kumpulan-doa-pilihan.blogspot.com/2016/04/doa-ketika-bercermin-lengkap-arab-latin.html' title='Doa Ketika Bercermin Lengkap Arab Latin Terjemahan'/><author><name>Admin</name><uri>http://www.blogger.com/profile/03504286637759771434</uri><email>noreply@blogger.com</email><gd:image rel='http://schemas.google.com/g/2005#thumbnail' width='16' height='16' src='https://img1.blogblog.com/img/b16-rounded.gif'/></author><media:thumbnail xmlns:media="http://search.yahoo.com/mrss/" url="https://1.bp.blogspot.com/-viX77AvbFbo/Vxqb7B_-p8I/AAAAAAAAAB0/GuIUq_Dwi6sQnyO_wTsmnJFwVLapNHThgCLcB/s72-c/doa%2Bbercermin.PNG" height="72" width="72"/><thr:total>0</thr:total></entry><entry><id>tag:blogger.com,1999:blog-4517687505829869272.post-7598622617139848100</id><published>2016-03-16T15:17:00.000-07:00</published><updated>2016-03-16T15:17:56.770-07:00</updated><category scheme="http://www.blogger.com/atom/ns#" term="Doa Khusus"/><title type='text'>Doa Menjauhkan Diri dari Zina Arab Latin Terjemahan Lengkap</title><content type='html'>Assalamualaikum sobat muslim semua dimanapun anda berada ,kali ini admin akan membahas seputar zina dan &lt;b&gt;doa menjauhkan diri dari zina&lt;/b&gt; , arti zina menurut slah satu referensi yang saya baca yaitu dari wikipedia menerangkan bahwa&lt;b&gt; zina adalah&lt;/b&gt; perbuatan persetubuhan antara laki-laki dan perempuan yang tidak terikat oleh pernikahan dan perkawinan.&lt;br /&gt;&lt;br /&gt;Sekarang ini kehidupan remaja sangat memprihatinkan karena banyak yang terpengaruh oleh budaya-budaya barat yang sangat jauh dari adat ketimuran , banyaknya dampak negatif seperti pergaulan bebas yang akan menjerumus ke zina.&lt;br /&gt;&lt;br /&gt;&lt;div class=&quot;separator&quot; style=&quot;clear: both; text-align: center;&quot;&gt;&lt;a href=&quot;https://1.bp.blogspot.com/-YyMB8YNZzLQ/Vuna7dCW9KI/AAAAAAAAAns/Ly2DDlHM4ecpmx4BnL7oHf754Q2vpcxHQ/s1600/STOP%2BZINA.jpg&quot; imageanchor=&quot;1&quot; style=&quot;margin-left: 1em; margin-right: 1em;&quot;&gt;&lt;img alt=&quot;STOP ZINA&quot; border=&quot;0&quot; height=&quot;252&quot; src=&quot;https://1.bp.blogspot.com/-YyMB8YNZzLQ/Vuna7dCW9KI/AAAAAAAAAns/Ly2DDlHM4ecpmx4BnL7oHf754Q2vpcxHQ/s320/STOP%2BZINA.jpg&quot; title=&quot;STOP ZINA&quot; width=&quot;320&quot; /&gt;&lt;/a&gt;&lt;/div&gt;&lt;br /&gt;Kita sebagai umat Islam sebaiknya membentengi diri sendiri dengan iman dan taqwa sehingga menjauhkan terjerumus dosa , pilahlah antara yang baik dan buruk antara dampak positif dan negatif.&lt;br /&gt;&lt;br /&gt;Bagi orangtua sebaiknya ajarkan anak tentang akidah dan akhlak , tanamkan hal-hal yang positif kepada anak dan beri wejangan yang baik karena peran orangtua didalam keluarga sangat berdampak sangat besar bagi anak , karena anak bagaikan kertas putih yang belum ditulisi jadi masih bersih.&lt;br /&gt;&lt;br /&gt;Keluarga akan menjadi pondasi dan tingkah laku orangtuanya biasanya akan ditiru oleh anaknya, oke langsung saja berikut doanya.&lt;br /&gt;&lt;br /&gt;&lt;h2&gt;&lt;span style=&quot;font-size: small;&quot;&gt;Doa Menjauhkan Diri dari Zina&lt;/span&gt;&lt;/h2&gt;&lt;h3&gt;&lt;span style=&quot;font-size: small;&quot;&gt;Amalan menghindari zina Arab&lt;/span&gt;&lt;/h3&gt;&lt;br /&gt;&lt;span style=&quot;font-size: large;&quot;&gt;&amp;nbsp;اللهم  اغْفِرْ ذَنْبَهُ وَطَهِّرْ قَلْبَهُ وَحَصِّنْ فَرْجَهُ&amp;nbsp;&lt;/span&gt;&lt;br /&gt;&lt;br /&gt;&lt;h3&gt;&lt;span style=&quot;font-size: large;&quot;&gt;&lt;span style=&quot;font-size: small;&quot;&gt;Doa terhindar dari zina latin&lt;/span&gt;&lt;/span&gt;&lt;/h3&gt;&lt;br /&gt;&lt;span style=&quot;font-size: large;&quot;&gt;&lt;span style=&quot;font-size: small;&quot;&gt;Allahummaghfir zanbahu watohhir qalbahu wahassin farjahu &amp;nbsp;&lt;/span&gt;&lt;/span&gt;&lt;br /&gt;&lt;br /&gt;&lt;h3&gt;&lt;span style=&quot;font-size: large;&quot;&gt;&lt;span style=&quot;font-size: small;&quot;&gt;Arti terjemahan bahasa Indonesia&amp;nbsp;&lt;/span&gt;&lt;/span&gt;&lt;/h3&gt;&lt;br /&gt;&lt;span style=&quot;font-size: large;&quot;&gt;&lt;span style=&quot;font-size: small;&quot;&gt;Artinya : Ya Allah ampunkan dosanya ,sucikanlah hatinya (dari memikirkan &lt;/span&gt;&lt;/span&gt;&lt;span style=&quot;font-size: large;&quot;&gt;&lt;span style=&quot;font-size: small;&quot;&gt;&lt;span style=&quot;font-size: large;&quot;&gt;&lt;span style=&quot;font-size: small;&quot;&gt; sesuatu &lt;/span&gt;&lt;/span&gt;maksiat) ,dan jagalah kemaluannya (dari melakukan zina).&lt;/span&gt;&lt;/span&gt;&lt;br /&gt;&lt;br /&gt;&lt;span style=&quot;font-size: large;&quot;&gt;&lt;span style=&quot;font-size: small;&quot;&gt;Yang mempunyai adik ataupun anak laki-laki maupun perempuan silahkan membacakan doa berikut agar terhindar dari fitnah zina.&lt;/span&gt;&lt;/span&gt;&lt;br /&gt;&lt;br /&gt;&lt;span style=&quot;font-size: large;&quot;&gt;&lt;span style=&quot;font-size: small;&quot;&gt;&lt;b&gt;Untuk anak / adik laki-laki&amp;nbsp;&amp;nbsp;&lt;/b&gt;&lt;/span&gt;&lt;/span&gt;&lt;br /&gt;&lt;span style=&quot;font-size: large;&quot;&gt;&lt;span style=&quot;font-size: small;&quot;&gt;&lt;b&gt;&amp;nbsp;&lt;/b&gt;&lt;/span&gt;&lt;/span&gt;&lt;br /&gt;&lt;br /&gt;&lt;span style=&quot;font-size: large;&quot;&gt;اللهم  اغْفِرْ ذَنْبِي وَطَهِّرْ قَلْبِي وَحَصِّنْ فَرْجِي&lt;/span&gt; &lt;br /&gt;&lt;br /&gt;&lt;span style=&quot;font-size: large;&quot;&gt;&lt;span style=&quot;font-size: small;&quot;&gt;&lt;b&gt;Latin&lt;/b&gt; : Allahummaghfirzanbi watohhir qalbi wahassinfarji&lt;/span&gt;&lt;/span&gt;&lt;br /&gt;&lt;br /&gt;&lt;span style=&quot;font-size: large;&quot;&gt;&lt;b&gt;&lt;span style=&quot;font-size: small;&quot;&gt;Untuk anak / adik perempuan&amp;nbsp;&lt;/span&gt;&lt;/b&gt;&lt;/span&gt;&lt;br /&gt;&lt;br /&gt;&lt;span style=&quot;font-size: large;&quot;&gt;اللهم  اغْفِرْ ذَنْبَهَا وَطَهِّرْ قَلْبَهَا وَحَصِّنْ فَرْجَهَا &lt;/span&gt;&lt;br /&gt;&lt;br /&gt;&lt;span style=&quot;font-size: large;&quot;&gt;&lt;span style=&quot;font-size: small;&quot;&gt;&lt;b&gt;Latin&lt;/b&gt; : &lt;/span&gt;&lt;/span&gt;&lt;span style=&quot;font-size: large;&quot;&gt;&lt;span style=&quot;font-size: small;&quot;&gt;&lt;span style=&quot;font-size: large;&quot;&gt;&lt;span style=&quot;font-size: small;&quot;&gt;Allahummaghfirzanbaha watohhir qalbaha wahassinfarjaha&lt;/span&gt;&lt;/span&gt;&lt;/span&gt;&lt;/span&gt;&lt;br /&gt;&lt;br /&gt;&lt;span style=&quot;font-size: large;&quot;&gt;&lt;span style=&quot;font-size: small;&quot;&gt;&lt;span style=&quot;font-size: large;&quot;&gt;&lt;span style=&quot;font-size: small;&quot;&gt;Itulah beberapa amalan doa yang bisa diamalkan agar terhindar dari zina dan fitnah zina , Bilahitaufikwalhidayah wasalamualaikum warahmatullahi wabarakatuh. &lt;/span&gt;&lt;/span&gt;&lt;/span&gt;&lt;/span&gt;</content><link rel='replies' type='application/atom+xml' href='https://kumpulan-doa-pilihan.blogspot.com/feeds/7598622617139848100/comments/default' title='Post Comments'/><link rel='replies' type='text/html' href='https://kumpulan-doa-pilihan.blogspot.com/2016/03/doa-menjauhkan-diri-dari-zina-arab-latin-terjemahan.html#comment-form' title='1 Comments'/><link rel='edit' type='application/atom+xml' href='https://www.blogger.com/feeds/4517687505829869272/posts/default/7598622617139848100'/><link rel='self' type='application/atom+xml' href='https://www.blogger.com/feeds/4517687505829869272/posts/default/7598622617139848100'/><link rel='alternate' type='text/html' href='https://kumpulan-doa-pilihan.blogspot.com/2016/03/doa-menjauhkan-diri-dari-zina-arab-latin-terjemahan.html' title='Doa Menjauhkan Diri dari Zina Arab Latin Terjemahan Lengkap'/><author><name>Unknown</name><email>noreply@blogger.com</email><gd:image rel='http://schemas.google.com/g/2005#thumbnail' width='16' height='16' src='https://img1.blogblog.com/img/b16-rounded.gif'/></author><media:thumbnail xmlns:media="http://search.yahoo.com/mrss/" url="https://1.bp.blogspot.com/-YyMB8YNZzLQ/Vuna7dCW9KI/AAAAAAAAAns/Ly2DDlHM4ecpmx4BnL7oHf754Q2vpcxHQ/s72-c/STOP%2BZINA.jpg" height="72" width="72"/><thr:total>1</thr:total></entry><entry><id>tag:blogger.com,1999:blog-4517687505829869272.post-6396022907209542113</id><published>2016-03-11T22:32:00.000-08:00</published><updated>2016-03-11T22:32:03.552-08:00</updated><category scheme="http://www.blogger.com/atom/ns#" term="Doa Keluarga"/><category scheme="http://www.blogger.com/atom/ns#" term="Doa Khusus"/><title type='text'>Doa Berhubungan Suami Istri Arab Latin Terjemahan Lengkap</title><content type='html'>&lt;div class=&quot;separator&quot; style=&quot;clear: both; text-align: center;&quot;&gt;&lt;a href=&quot;https://1.bp.blogspot.com/-urhlJ20xm8A/VuO2jQIygYI/AAAAAAAAAlE/9pJDm3slgKghlemFzhKn6DfEq11zAE00g/s1600/hubungan%2Bsuami%2Bistri.jpg&quot; imageanchor=&quot;1&quot; style=&quot;clear: left; float: left; margin-bottom: 1em; margin-right: 1em;&quot;&gt;&lt;img alt=&quot;doa hubungan suami istri&quot; border=&quot;0&quot; src=&quot;https://1.bp.blogspot.com/-urhlJ20xm8A/VuO2jQIygYI/AAAAAAAAAlE/9pJDm3slgKghlemFzhKn6DfEq11zAE00g/s1600/hubungan%2Bsuami%2Bistri.jpg&quot; title=&quot;doa hubungan suami istri&quot; /&gt;&lt;/a&gt;&lt;/div&gt;Setelah melakukan ikatan pernikahan secara resmi, untuk menghasilkan suatu keturunan maka akan terjadi hubungan antara suami dan istri,untuk itu Islam telah mengatur sedemikian rupa sehingga ada juga ni &lt;b&gt;doa berhubungan suami istri &lt;/b&gt;biasa dibaca sebelum melakukan persetubuhan.&lt;br /&gt;&lt;br /&gt;Diharapkan dengan membaca doa tersebut maka kita dihindarkan dari gangguan setan maupun gangguan lain yang tidak diinginkan ,dan menjauhkan syetan dari rizki yang akan diberikan kepada kita yaitu anak atau keturunan.&lt;br /&gt;&lt;b&gt;&lt;br /&gt;&lt;/b&gt;&lt;b&gt;Bacaan doa Sebelum maupun setelah berhubungan suami istri lengkap arab latin terjemahan&lt;/b&gt;&lt;br /&gt;&lt;br /&gt;&lt;b&gt;Arab &lt;/b&gt;&lt;br /&gt;&lt;br /&gt;&lt;span style=&quot;font-size: large;&quot;&gt;بِسْمِ اللَّهِ اللَّهُمَّ جَنِّبْنِى الشَّيْطَانَ وَجَنِّبِ الشَّيْطَانَ مَا رَزَقْتَنَا&lt;/span&gt;&lt;b&gt;&lt;span style=&quot;font-size: large;&quot;&gt; &lt;/span&gt;&lt;/b&gt;&lt;br /&gt;&lt;b&gt;&lt;br /&gt;&lt;/b&gt;&lt;b&gt;Latin&lt;/b&gt;&lt;br /&gt;Bismillahi allahumma jannibnis syaitan wa jannibis syaithan ma razaqtana&lt;br /&gt;&lt;br /&gt;&lt;b&gt;Terjemahan Bahasa Indonesia (artinya)&lt;/b&gt;&lt;br /&gt;Dengan menyebut nama Allah , ya Allah jauhkanlah syetan dari saya ,dan jauhkanlah ia dari apa yang akan Engkau rizkikan kepada kami (anak/ketuurunan).&lt;br /&gt;&lt;br /&gt;&lt;b&gt; &lt;/b&gt;&lt;br /&gt;Itulah niat doa ketika berhubungan suami istri ,semoga Allah memberikan yang sholeh sholihah amien.</content><link rel='replies' type='application/atom+xml' href='https://kumpulan-doa-pilihan.blogspot.com/feeds/6396022907209542113/comments/default' title='Post Comments'/><link rel='replies' type='text/html' href='https://kumpulan-doa-pilihan.blogspot.com/2016/03/doa-berhubungan-suami-istri-arab-latin.html#comment-form' title='1 Comments'/><link rel='edit' type='application/atom+xml' href='https://www.blogger.com/feeds/4517687505829869272/posts/default/6396022907209542113'/><link rel='self' type='application/atom+xml' href='https://www.blogger.com/feeds/4517687505829869272/posts/default/6396022907209542113'/><link rel='alternate' type='text/html' href='https://kumpulan-doa-pilihan.blogspot.com/2016/03/doa-berhubungan-suami-istri-arab-latin.html' title='Doa Berhubungan Suami Istri Arab Latin Terjemahan Lengkap'/><author><name>Unknown</name><email>noreply@blogger.com</email><gd:image rel='http://schemas.google.com/g/2005#thumbnail' width='16' height='16' src='https://img1.blogblog.com/img/b16-rounded.gif'/></author><media:thumbnail xmlns:media="http://search.yahoo.com/mrss/" url="https://1.bp.blogspot.com/-urhlJ20xm8A/VuO2jQIygYI/AAAAAAAAAlE/9pJDm3slgKghlemFzhKn6DfEq11zAE00g/s72-c/hubungan%2Bsuami%2Bistri.jpg" height="72" width="72"/><thr:total>1</thr:total></entry><entry><id>tag:blogger.com,1999:blog-4517687505829869272.post-8263460303683196527</id><published>2016-03-11T21:43:00.000-08:00</published><updated>2016-03-11T21:47:43.007-08:00</updated><category scheme="http://www.blogger.com/atom/ns#" term="Doa Sehari-hari"/><category scheme="http://www.blogger.com/atom/ns#" term="Mohon Perlindungan"/><title type='text'>Doa Saat ada Petir Arab Latin Terjemahan</title><content type='html'>&lt;div class=&quot;separator&quot; style=&quot;clear: both; text-align: center;&quot;&gt;&lt;a href=&quot;https://4.bp.blogspot.com/-VqKBelJpLFY/VuOsJb_6y_I/AAAAAAAAAk0/KRadkubVBn0Aj_g7wwxhHnpRF0ZPayoLg/s1600/Doa%2Bsaat%2Bmelihat%2Bpetir.png&quot; imageanchor=&quot;1&quot; style=&quot;margin-left: 1em; margin-right: 1em;&quot;&gt;&lt;img alt=&quot;doa ketika ada petir halilintar gludug&quot; border=&quot;0&quot; height=&quot;216&quot; src=&quot;https://4.bp.blogspot.com/-VqKBelJpLFY/VuOsJb_6y_I/AAAAAAAAAk0/KRadkubVBn0Aj_g7wwxhHnpRF0ZPayoLg/s320/Doa%2Bsaat%2Bmelihat%2Bpetir.png&quot; title=&quot;doa ketika ada petir halilintar gludug&quot; width=&quot;320&quot; /&gt;&lt;/a&gt;&lt;/div&gt;Petir yang sering kita sebut juga dengan sebutan halilintar atau juga orang jawa sering menyebutnya dengan nama gludug,kejadian alam seperti ini sering ada pada saat hujan maupun saat mendung disertai dengan angin yang cukup kencang ,tak jarang juga ada kejadian yang menimpa seseorang meninggal karena tersambar petir, sebagai umat Islam kita sebaiknya membaca doa.&lt;br /&gt;Karena tidak ada daya dan upaya kecuali pertolongan dari Allah,semoga saat terjadi halilintar kita diberi keselamatan dari Allah swt.&lt;br /&gt;&lt;br /&gt;Berikut ini &lt;b&gt;doa ketika melihat mendengar halilintar/petir&lt;/b&gt; :&lt;br /&gt;&lt;b&gt;Arab&amp;nbsp;&lt;/b&gt;&lt;br /&gt;&lt;span style=&quot;font-size: large;&quot;&gt;سُبْحَانَ الَّذِيْ يُسَبِّحُ الرَّعْدُ بِحَمِدِهِ وَالْمَلاَئِكَةُ مِنْ خِيْفَتِهِ&lt;/span&gt;&lt;span style=&quot;font-size: large;&quot;&gt; &lt;/span&gt;&lt;b&gt;&lt;br /&gt;&lt;/b&gt;&lt;br /&gt;&lt;br /&gt;&lt;b&gt;Latin&lt;/b&gt;&lt;br /&gt;Subhaanalladziyusabbihur ra&#39;du bihamdihi walmalaaikatu min khiifatihi&lt;br /&gt;&lt;br /&gt;&lt;b&gt;Terjemahan bahasa Indonesia&lt;/b&gt;&lt;br /&gt;Maha suci Allah yang halilintar bertasbih dengan memuji-Nya begitu juga para malaikat ,karena takut kepada-Nya.&lt;br /&gt;&lt;br /&gt;Itulah doa yang dianjurkan untuk dibaca saat melihat mendengar suara halilintar atau petir,terimakasih semoga bermanfaat.</content><link rel='replies' type='application/atom+xml' href='https://kumpulan-doa-pilihan.blogspot.com/feeds/8263460303683196527/comments/default' title='Post Comments'/><link rel='replies' type='text/html' href='https://kumpulan-doa-pilihan.blogspot.com/2016/03/doa-saat-ada-petir-arab-latin-terjemahan.html#comment-form' title='0 Comments'/><link rel='edit' type='application/atom+xml' href='https://www.blogger.com/feeds/4517687505829869272/posts/default/8263460303683196527'/><link rel='self' type='application/atom+xml' href='https://www.blogger.com/feeds/4517687505829869272/posts/default/8263460303683196527'/><link rel='alternate' type='text/html' href='https://kumpulan-doa-pilihan.blogspot.com/2016/03/doa-saat-ada-petir-arab-latin-terjemahan.html' title='Doa Saat ada Petir Arab Latin Terjemahan'/><author><name>Unknown</name><email>noreply@blogger.com</email><gd:image rel='http://schemas.google.com/g/2005#thumbnail' width='16' height='16' src='https://img1.blogblog.com/img/b16-rounded.gif'/></author><media:thumbnail xmlns:media="http://search.yahoo.com/mrss/" url="https://4.bp.blogspot.com/-VqKBelJpLFY/VuOsJb_6y_I/AAAAAAAAAk0/KRadkubVBn0Aj_g7wwxhHnpRF0ZPayoLg/s72-c/Doa%2Bsaat%2Bmelihat%2Bpetir.png" height="72" width="72"/><thr:total>0</thr:total></entry><entry><id>tag:blogger.com,1999:blog-4517687505829869272.post-6242848016901321652</id><published>2015-08-07T06:36:00.000-07:00</published><updated>2016-03-12T01:52:13.227-08:00</updated><category scheme="http://www.blogger.com/atom/ns#" term="Doa Sehari-hari"/><category scheme="http://www.blogger.com/atom/ns#" term="Doa Wudhu"/><title type='text'>Doa Sebelum dan Sesudah Wudhu Lengkap Arab Latin Indonesia</title><content type='html'>Kali ini ane mau bagikan &lt;b&gt;Doa Sehari-hari&lt;/b&gt; yaitu &lt;b&gt;lafaldz niat wudhu&lt;/b&gt; yaitu dibaca saat &lt;b&gt;sebelum wudlu&lt;/b&gt; . Selain itu admin akan membagikan &lt;b&gt;doa sesudah wudlu&lt;/b&gt; . Untuk memudahkan dalam mempelajarinya dalam postingan ini ada dalam &lt;b&gt;Arab&lt;/b&gt; disertai &lt;b&gt;latin dan terjemahan dalam bahasa Indonesia.&lt;/b&gt;&lt;br /&gt;&lt;div class=&quot;separator&quot; style=&quot;clear: both; text-align: center;&quot;&gt;&lt;a href=&quot;https://2.bp.blogspot.com/-GBYc3AX2r-Q/VuPl3ApVdgI/AAAAAAAAAlU/LSZK-IwwW5gk7o-TQ-zrc7QEaYxGIdO9A/s1600/wudlu.jpg&quot; imageanchor=&quot;1&quot; style=&quot;margin-left: 1em; margin-right: 1em;&quot;&gt;&lt;img alt=&quot;wudlu kartun&quot; border=&quot;0&quot; src=&quot;https://2.bp.blogspot.com/-GBYc3AX2r-Q/VuPl3ApVdgI/AAAAAAAAAlU/LSZK-IwwW5gk7o-TQ-zrc7QEaYxGIdO9A/s1600/wudlu.jpg&quot; title=&quot;wudlu kartun&quot; /&gt;&lt;/a&gt;&lt;/div&gt;&lt;br /&gt;&lt;b&gt;Bacaan Niat Wudhu&lt;/b&gt;&lt;br /&gt;&lt;br /&gt;&lt;table cellpadding=&quot;0&quot; cellspacing=&quot;0&quot; class=&quot;tr-caption-container&quot; style=&quot;margin-left: auto; margin-right: auto; text-align: center;&quot;&gt;&lt;tbody&gt;&lt;tr&gt;&lt;td style=&quot;text-align: center;&quot;&gt;&lt;a href=&quot;http://3.bp.blogspot.com/-y810rTPnblQ/VcSr8jQPEdI/AAAAAAAAALQ/XCud9W4PNWE/s1600/niat%2Bwudhu.jpg&quot; imageanchor=&quot;1&quot; style=&quot;clear: right; margin-bottom: 1em; margin-left: auto; margin-right: auto;&quot;&gt;&lt;img alt=&quot;Bacaan Niat Wudhu&quot; border=&quot;0&quot; height=&quot;92&quot; src=&quot;https://3.bp.blogspot.com/-y810rTPnblQ/VcSr8jQPEdI/AAAAAAAAALQ/XCud9W4PNWE/s400/niat%2Bwudhu.jpg&quot; title=&quot;Bacaan Niat Wudhu&quot; width=&quot;400&quot; /&gt;&lt;/a&gt;&lt;/td&gt;&lt;/tr&gt;&lt;tr&gt;&lt;td class=&quot;tr-caption&quot; style=&quot;text-align: center;&quot;&gt;&lt;b&gt;Bacaan Niat Wudlu&lt;/b&gt;&lt;/td&gt;&lt;/tr&gt;&lt;/tbody&gt;&lt;/table&gt;&lt;a href=&quot;http://kumpulan-doa-pilihan.blogspot.co.id/2015/08/doa-sebelum-dan-sesudah-wudhu-lengkap.html&quot;&gt;&lt;u&gt;&lt;b&gt;Niat Wudhu Latin&lt;/b&gt;&lt;/u&gt;&lt;/a&gt;&lt;br /&gt;&lt;br /&gt;&lt;b&gt;Nawaitul wudhu a liraf&#39;il&amp;nbsp; hada tsil ashghari fardhal lillaahi ta&#39;aala.&lt;/b&gt;&lt;br /&gt;&lt;br /&gt;&lt;b&gt;Arti / Terjemahan dalam Bahasa Indonesia&lt;/b&gt;&lt;br /&gt;&lt;br /&gt;Aku niat berwudhu untuk menghilangkan hadas kecil karena Allah Ta&#39;ala .&lt;br /&gt;&lt;br /&gt;&lt;b&gt;Doa Setelah Wudhu&amp;nbsp;&lt;/b&gt;&lt;br /&gt;&lt;br /&gt;&lt;table align=&quot;center&quot; cellpadding=&quot;0&quot; cellspacing=&quot;0&quot; class=&quot;tr-caption-container&quot; style=&quot;margin-left: auto; margin-right: auto; text-align: center;&quot;&gt;&lt;tbody&gt;&lt;tr&gt;&lt;td style=&quot;text-align: center;&quot;&gt;&lt;a href=&quot;http://3.bp.blogspot.com/-duKRmrHRNg0/VcSwKfJOCfI/AAAAAAAAALc/1Txp4IhcCVI/s1600/doa%2Bsesudah%2Bwudlu.jpg&quot; imageanchor=&quot;1&quot; style=&quot;margin-left: auto; margin-right: auto;&quot;&gt;&lt;img alt=&quot; Doa Setelah Wudhu&quot; border=&quot;0&quot; height=&quot;176&quot; src=&quot;https://3.bp.blogspot.com/-duKRmrHRNg0/VcSwKfJOCfI/AAAAAAAAALc/1Txp4IhcCVI/s400/doa%2Bsesudah%2Bwudlu.jpg&quot; title=&quot; Doa Setelah Wudhu&quot; width=&quot;400&quot; /&gt;&lt;/a&gt;&lt;/td&gt;&lt;/tr&gt;&lt;tr&gt;&lt;td class=&quot;tr-caption&quot; style=&quot;text-align: center;&quot;&gt;&lt;br /&gt;&lt;b&gt;Doa Setelah Wudhu&lt;/b&gt;&lt;/td&gt;&lt;/tr&gt;&lt;/tbody&gt;&lt;/table&gt;&lt;b&gt;Doa Sesudah Wudhu Latin&lt;/b&gt;&lt;br /&gt;&lt;br /&gt;Asyhadu allaa ilaaha illallah wahdahu laa syariikalahu . Wa asyhadu anna Muhammadan&#39;abduhu wa rasuuluhu Allahumma-j alnii minattabinna waj alnii minal mutathohiirina waj alnii min &#39;ibadatishalihin . &lt;br /&gt;&lt;br /&gt;&lt;b&gt;Doa Sesudah Wudhu Terjemahan&lt;/b&gt;&lt;br /&gt;&lt;b&gt;Artinya :&lt;/b&gt;&lt;br /&gt;Saya bersaksi tiada Tuhan melainkan Allah yang esa , tiada sekutu bagi-Nya . Dan saya bersaksi bahwa nabi Muhammad adalah hamba-Nya dan utusan-Nya . Ya Allah jadikanlah saya orang yang ahli taubat , dan jadikanlah saya orang yang suci , dan jadikanlah saya dari golongan hamba-hamba Mu yang &lt;a href=&quot;http://kumpulan-doa-pilihan.blogspot.co.id/2015/08/doa-sebelum-dan-sesudah-wudhu-lengkap.html&quot;&gt;shaleh&lt;/a&gt;.</content><link rel='replies' type='application/atom+xml' href='https://kumpulan-doa-pilihan.blogspot.com/feeds/6242848016901321652/comments/default' title='Post Comments'/><link rel='replies' type='text/html' href='https://kumpulan-doa-pilihan.blogspot.com/2015/08/doa-sebelum-dan-sesudah-wudhu-lengkap.html#comment-form' title='134 Comments'/><link rel='edit' type='application/atom+xml' href='https://www.blogger.com/feeds/4517687505829869272/posts/default/6242848016901321652'/><link rel='self' type='application/atom+xml' href='https://www.blogger.com/feeds/4517687505829869272/posts/default/6242848016901321652'/><link rel='alternate' type='text/html' href='https://kumpulan-doa-pilihan.blogspot.com/2015/08/doa-sebelum-dan-sesudah-wudhu-lengkap.html' title='Doa Sebelum dan Sesudah Wudhu Lengkap Arab Latin Indonesia'/><author><name>Unknown</name><email>noreply@blogger.com</email><gd:image rel='http://schemas.google.com/g/2005#thumbnail' width='16' height='16' src='https://img1.blogblog.com/img/b16-rounded.gif'/></author><media:thumbnail xmlns:media="http://search.yahoo.com/mrss/" url="https://2.bp.blogspot.com/-GBYc3AX2r-Q/VuPl3ApVdgI/AAAAAAAAAlU/LSZK-IwwW5gk7o-TQ-zrc7QEaYxGIdO9A/s72-c/wudlu.jpg" height="72" width="72"/><thr:total>134</thr:total></entry><entry><id>tag:blogger.com,1999:blog-4517687505829869272.post-8721023595193319896</id><published>2015-08-05T04:38:00.001-07:00</published><updated>2015-08-05T04:38:32.485-07:00</updated><category scheme="http://www.blogger.com/atom/ns#" term="Niat Puasa Sunnah"/><title type='text'>Bacaan Niat Puasa Sunnah Senin Kamis - Arab , Latin ,Indonesia </title><content type='html'>Hai berjumpa lagi dengan Admin ganteng , kali ini akan bagi &lt;b&gt;bacaan niat lafaldz puasa sunnah senin kamis lengkap bahasa arab , latin dan terjemahan Indonesia&lt;/b&gt; , sunnah artinya jika kita laksanakan akan mendapatkan pahala , jika tidak dilaksanakan tdk akan mendapat dosa , namun sebaiknya untuk dilaksanakan karena sangat besar manfaatnya yaitu kesehatan tubuh dan juga bisa mengerem hawa nafsu.&lt;br /&gt;&lt;br /&gt;Tak Perlu risau maupun galau yang belum hafal karena&lt;b&gt; niat puasa senin kamis sangat mudah&lt;/b&gt; , kita akan belajar bersama-sama di Blog Kumpulan Doa Pilihan berikut ini :&lt;br /&gt;&lt;br /&gt;&lt;a href=&quot;http://kumpulan-doa-pilihan.blogspot.com/2015/08/bacaan-niat-puasa-sunnah-senin-kamis.html&quot;&gt;&lt;b&gt;Niat Puasa Sunnah Senin - Bahasa Arab&lt;/b&gt;&lt;/a&gt;&lt;br /&gt;&lt;br /&gt;&lt;table align=&quot;center&quot; cellpadding=&quot;0&quot; cellspacing=&quot;0&quot; class=&quot;tr-caption-container&quot; style=&quot;margin-left: auto; margin-right: auto; text-align: center;&quot;&gt;&lt;tbody&gt;&lt;tr&gt;&lt;td style=&quot;text-align: center;&quot;&gt;&lt;a href=&quot;http://4.bp.blogspot.com/-EtU2wF1szek/VcHxEOnwNNI/AAAAAAAAAI8/LklvFvG1A1k/s1600/niat-puasa-sunnah-senin.jpg&quot; imageanchor=&quot;1&quot; style=&quot;margin-left: auto; margin-right: auto;&quot;&gt;&lt;img alt=&quot;Niat Puasa Sunnah Senin&quot; border=&quot;0&quot; height=&quot;82&quot; src=&quot;http://4.bp.blogspot.com/-EtU2wF1szek/VcHxEOnwNNI/AAAAAAAAAI8/LklvFvG1A1k/s400/niat-puasa-sunnah-senin.jpg&quot; title=&quot;Niat Puasa Sunnah Senin&quot; width=&quot;400&quot; /&gt;&lt;/a&gt;&lt;/td&gt;&lt;/tr&gt;&lt;tr&gt;&lt;td class=&quot;tr-caption&quot; style=&quot;text-align: center;&quot;&gt;Niat Puasa Sunnah Senin&lt;/td&gt;&lt;/tr&gt;&lt;/tbody&gt;&lt;/table&gt;&lt;br /&gt;&lt;b&gt;Niat Puasa Sunnah Senin - Bahasa Latin&lt;/b&gt;&lt;br /&gt;Nawaitu Sauma Yaumal Itsnaini Sunnatan Lillahi Taala&lt;br /&gt;&lt;b&gt; &lt;/b&gt;&lt;br /&gt;&lt;b&gt;&lt;b&gt;Niat Puasa Sunnah Senin - Bahasa Indonesia ( Terjemahan )&lt;/b&gt;&lt;/b&gt;&lt;br /&gt;Saya Niat puasa pada hari senin , sunnah karena Allah Taala&lt;br /&gt;&lt;br /&gt;&lt;b&gt;Niat Puasa Sunnah kamis - Bahasa Arab &lt;/b&gt;&lt;br /&gt;&lt;table align=&quot;center&quot; cellpadding=&quot;0&quot; cellspacing=&quot;0&quot; class=&quot;tr-caption-container&quot; style=&quot;margin-left: auto; margin-right: auto; text-align: center;&quot;&gt;&lt;tbody&gt;&lt;tr&gt;&lt;td style=&quot;text-align: center;&quot;&gt;&lt;a href=&quot;http://4.bp.blogspot.com/-dM5WGdzlrws/VcHyn5d8piI/AAAAAAAAAJI/rusNWZxKXq0/s1600/niat%2Bpuasa%2Bkamis.png&quot; imageanchor=&quot;1&quot; style=&quot;margin-left: auto; margin-right: auto;&quot;&gt;&lt;img alt=&quot;Niat Puasa Sunnah Kamis&quot; border=&quot;0&quot; height=&quot;47&quot; src=&quot;http://4.bp.blogspot.com/-dM5WGdzlrws/VcHyn5d8piI/AAAAAAAAAJI/rusNWZxKXq0/s400/niat%2Bpuasa%2Bkamis.png&quot; title=&quot;Niat Puasa Sunnah Kamis&quot; width=&quot;400&quot; /&gt;&lt;/a&gt;&lt;/td&gt;&lt;/tr&gt;&lt;tr&gt;&lt;td class=&quot;tr-caption&quot; style=&quot;text-align: center;&quot;&gt;Niat Puasa Sunnah Kamis&lt;/td&gt;&lt;/tr&gt;&lt;/tbody&gt;&lt;/table&gt;&lt;b&gt; &lt;/b&gt;&lt;br /&gt;&lt;a href=&quot;http://kumpulan-doa-pilihan.blogspot.com/2015/08/bacaan-niat-puasa-sunnah-senin-kamis.html&quot;&gt;&lt;b&gt;Niat Puasa Sunnah kamis -Bahasa Latin&lt;/b&gt;&lt;/a&gt;&lt;br /&gt;Nawaitu Sauma Yaumal Khomiisi Sunnatan Lillahi Taala&lt;br /&gt;&lt;br /&gt;&lt;b&gt;&lt;b&gt;Niat Puasa Sunnah Senin - Bahasa Indonesia ( Terjemahan )&lt;/b&gt;&lt;/b&gt;&lt;br /&gt;Saya niat puasa pada hari senin sunnah karena Allah taala&lt;br /&gt;&lt;b&gt;&lt;b&gt; &lt;/b&gt;&lt;/b&gt;&lt;br /&gt;&lt;b&gt;&lt;b&gt; Keutamaan Puasa Senin Kamis berdasarkan hadits&amp;nbsp;&lt;/b&gt;&lt;/b&gt;&lt;br /&gt;Puasa itu milik Ku dan Aku sendiri yang akan membalasnya . Dan kebaikan itu akan dilipatgandakan sebanyak 10 kali lipat. ( &lt;b&gt;HR . Bukhori dan Abu Daud &lt;/b&gt;)&lt;br /&gt;&lt;br /&gt;Segala amal perbuatan manusia pada hari senin dan kamis akan diperiksa oleh malaikat , karena itu aku senang ketika amal perbuatanku diperiksa aku dalam kondisi berpuasa . ( &lt;b&gt;HR . Tirmidzi &lt;/b&gt;).&lt;br /&gt;&lt;div id=&quot;stcpDiv&quot; style=&quot;left: -1988px; position: absolute; top: -1999px;&quot;&gt;&lt;article id=&quot;post-wrapper&quot;&gt;&lt;div class=&quot;posting section&quot; id=&quot;main&quot;&gt;&lt;div class=&quot;widget Blog&quot; id=&quot;Blog1&quot;&gt;&lt;div class=&quot;blog-posts hfeed&quot;&gt;&lt;div class=&quot;date-outer&quot;&gt;&lt;div class=&quot;date-posts&quot;&gt;&lt;div class=&quot;post-outer&quot;&gt;&lt;div class=&quot;post hentry&quot; itemscope=&quot;itemscope&quot; itemtype=&quot;http://schema.org/BlogPosting&quot;&gt;&lt;div class=&quot;post-body entry-content&quot; id=&quot;post-body-5474200647346969750&quot; itemprop=&quot;articleBody&quot;&gt;&lt;table align=&quot;center&quot; cellpadding=&quot;0&quot; cellspacing=&quot;0&quot; class=&quot;tr-caption-container&quot; style=&quot;margin-left: auto; margin-right: auto; text-align: center;&quot;&gt;&lt;tbody&gt;&lt;tr&gt;&lt;td style=&quot;text-align: center;&quot;&gt;&lt;/td&gt;&lt;/tr&gt;&lt;tr&gt;&lt;td class=&quot;tr-caption&quot; style=&quot;text-align: center;&quot;&gt;&amp;nbsp;doa niat puasa senin dan kamis&lt;/td&gt;&lt;/tr&gt;&lt;/tbody&gt;&lt;/table&gt;&lt;br /&gt;&lt;br /&gt;&lt;b&gt;Bacaan Arab Niat Puasa Sunah Hari Senin&lt;/b&gt;&lt;br /&gt;&lt;div style=&quot;font-family: &#39;traditional arabic&#39;; font-size: 25px; text-align: right;&quot;&gt;&lt;b&gt; نَوَيْتُ صَوْمَ يَوْمَ اْلاِثْنَيْنِ سُنَّةً ِللهِ تَعَالَى&lt;/b&gt;&lt;/div&gt;&lt;/div&gt;&lt;/div&gt;&lt;/div&gt;&lt;/div&gt;&lt;/div&gt;&lt;/div&gt;&lt;/div&gt;&lt;/div&gt;&lt;/article&gt; - See more at:  http://khususdoa.blogspot.co.uk/2015/01/bacaan-niat-puasa-senin-kamis-lengkap-arab-latin-dan-artinya.html#sthash.DUwJrx2x.dpuf&lt;/div&gt;</content><link rel='replies' type='application/atom+xml' href='https://kumpulan-doa-pilihan.blogspot.com/feeds/8721023595193319896/comments/default' title='Post Comments'/><link rel='replies' type='text/html' href='https://kumpulan-doa-pilihan.blogspot.com/2015/08/bacaan-niat-puasa-sunnah-senin-kamis.html#comment-form' title='2 Comments'/><link rel='edit' type='application/atom+xml' href='https://www.blogger.com/feeds/4517687505829869272/posts/default/8721023595193319896'/><link rel='self' type='application/atom+xml' href='https://www.blogger.com/feeds/4517687505829869272/posts/default/8721023595193319896'/><link rel='alternate' type='text/html' href='https://kumpulan-doa-pilihan.blogspot.com/2015/08/bacaan-niat-puasa-sunnah-senin-kamis.html' title='Bacaan Niat Puasa Sunnah Senin Kamis - Arab , Latin ,Indonesia '/><author><name>Unknown</name><email>noreply@blogger.com</email><gd:image rel='http://schemas.google.com/g/2005#thumbnail' width='16' height='16' src='https://img1.blogblog.com/img/b16-rounded.gif'/></author><media:thumbnail xmlns:media="http://search.yahoo.com/mrss/" url="http://4.bp.blogspot.com/-EtU2wF1szek/VcHxEOnwNNI/AAAAAAAAAI8/LklvFvG1A1k/s72-c/niat-puasa-sunnah-senin.jpg" height="72" width="72"/><thr:total>2</thr:total></entry><entry><id>tag:blogger.com,1999:blog-4517687505829869272.post-3999938304678640212</id><published>2015-08-05T01:54:00.001-07:00</published><updated>2015-08-05T01:54:44.796-07:00</updated><category scheme="http://www.blogger.com/atom/ns#" term="Doa Mohon Jodoh"/><title type='text'>Doa Mustajab Agar Cepat Mendapatkan Jodoh</title><content type='html'>Setiap makhluk hidup pasti ada pasanganya tak lain halnya manusia , manusia hidup diciptakan untuk berpasang-pasangan , ada beberapa ungkapan misalnya &lt;a href=&quot;http://kumpulan-doa-pilihan.blogspot.com/2015/08/doa-mustajab-agar-cepat-mendapatkan.html&quot;&gt;&lt;b&gt;jodoh&lt;/b&gt;&lt;/a&gt; pasti bertemu , benar ungkapan tersebut tetapi jodoh membutuhkan usaha untuk bisa mendapatkannya. Admin akan membagikan &lt;b&gt;doa mustajab mujarab bagi seseorang untuk mendapatkan pasangan hidup.&lt;/b&gt;&lt;br /&gt;&lt;br /&gt;Setelah seseorang telah mendapatkan pasangan yang sesuai dan dicintainya maka akan ada pernikahan , apa itu pernikahan ?&amp;nbsp; &lt;br /&gt;Menurut bahasa pernikahan adalah berkumpul dan bercampur&lt;br /&gt;Menurut istilah ialah ijab dan kabul yang menghalalkan hubungan suami istri yang diucapkan oleh kata-kata yg menunjukkan nikah .&lt;br /&gt;&lt;br /&gt;Apabila laki-laki semoga mendapatkan seorang wanita yang sholehah, jika perempuan bisa mendapatkan pria sholeh , amien.&lt;br /&gt;&lt;br /&gt;&lt;div style=&quot;text-align: center;&quot;&gt;&lt;a href=&quot;http://kumpulan-doa-pilihan.blogspot.com/2015/08/doa-mustajab-agar-cepat-mendapatkan.html&quot;&gt;&lt;b&gt;Doa Supaya Cepat Mendapatkan Jodoh bhs arab&lt;/b&gt;&lt;/a&gt; &lt;/div&gt;&lt;div style=&quot;text-align: center;&quot;&gt;&lt;br /&gt;&lt;/div&gt;&lt;table align=&quot;center&quot; cellpadding=&quot;0&quot; cellspacing=&quot;0&quot; class=&quot;tr-caption-container&quot; style=&quot;margin-left: auto; margin-right: auto; text-align: center;&quot;&gt;&lt;tbody&gt;&lt;tr&gt;&lt;td style=&quot;text-align: center;&quot;&gt;&lt;a href=&quot;http://2.bp.blogspot.com/-xQM7BsMzCiU/VcHNvCTxKCI/AAAAAAAAAIs/X1HFoqcr_EQ/s1600/doa%2Bmustajab%2Bmendapatkan%2Bjodoh.jpg&quot; imageanchor=&quot;1&quot; style=&quot;margin-left: auto; margin-right: auto;&quot;&gt;&lt;img alt=&quot;Doa Supaya Cepat Mendapatkan Jodoh&quot; border=&quot;0&quot; height=&quot;63&quot; src=&quot;http://2.bp.blogspot.com/-xQM7BsMzCiU/VcHNvCTxKCI/AAAAAAAAAIs/X1HFoqcr_EQ/s400/doa%2Bmustajab%2Bmendapatkan%2Bjodoh.jpg&quot; title=&quot;Doa Supaya Cepat Mendapatkan Jodoh&quot; width=&quot;400&quot; /&gt;&lt;/a&gt;&lt;/td&gt;&lt;/tr&gt;&lt;tr&gt;&lt;td class=&quot;tr-caption&quot; style=&quot;text-align: center;&quot;&gt;&lt;b&gt;Doa Supaya Cepat Mendapatkan Jodoh&lt;/b&gt;&lt;/td&gt;&lt;/tr&gt;&lt;/tbody&gt;&lt;/table&gt;&lt;div style=&quot;text-align: left;&quot;&gt;&lt;br /&gt;&lt;/div&gt;&lt;b&gt;Doa Supaya Cepat Mendapatkan Jodoh bhs Indonesia ( terjemahan )&lt;/b&gt;&lt;br /&gt;&lt;b&gt;&lt;br /&gt;&lt;/b&gt;Ya Tuhanku , janganlah Engkau membiarkan aku hidupku seorang diri , dan Engkaulah pewaris yang paling baik ( QS Al-Anbiya ayat 89 )&lt;br /&gt;&lt;br /&gt;*sumber referensi gambar islamdandoa.blogspot.com </content><link rel='replies' type='application/atom+xml' href='https://kumpulan-doa-pilihan.blogspot.com/feeds/3999938304678640212/comments/default' title='Post Comments'/><link rel='replies' type='text/html' href='https://kumpulan-doa-pilihan.blogspot.com/2015/08/doa-mustajab-agar-cepat-mendapatkan.html#comment-form' title='3 Comments'/><link rel='edit' type='application/atom+xml' href='https://www.blogger.com/feeds/4517687505829869272/posts/default/3999938304678640212'/><link rel='self' type='application/atom+xml' href='https://www.blogger.com/feeds/4517687505829869272/posts/default/3999938304678640212'/><link rel='alternate' type='text/html' href='https://kumpulan-doa-pilihan.blogspot.com/2015/08/doa-mustajab-agar-cepat-mendapatkan.html' title='Doa Mustajab Agar Cepat Mendapatkan Jodoh'/><author><name>Unknown</name><email>noreply@blogger.com</email><gd:image rel='http://schemas.google.com/g/2005#thumbnail' width='16' height='16' src='https://img1.blogblog.com/img/b16-rounded.gif'/></author><media:thumbnail xmlns:media="http://search.yahoo.com/mrss/" url="http://2.bp.blogspot.com/-xQM7BsMzCiU/VcHNvCTxKCI/AAAAAAAAAIs/X1HFoqcr_EQ/s72-c/doa%2Bmustajab%2Bmendapatkan%2Bjodoh.jpg" height="72" width="72"/><thr:total>3</thr:total></entry><entry><id>tag:blogger.com,1999:blog-4517687505829869272.post-4634728670352592679</id><published>2015-08-04T22:30:00.000-07:00</published><updated>2015-08-04T23:32:59.250-07:00</updated><category scheme="http://www.blogger.com/atom/ns#" term="Doa Nabi Nuh"/><category scheme="http://www.blogger.com/atom/ns#" term="Mohon Perlindungan"/><title type='text'>Doa Memohon Perlindungan ( Nabi Nuh )</title><content type='html'>Pada kesempatan ini ane mau share &lt;b&gt;doa memohon perlindungan kepada Allah SWT&lt;/b&gt; , doa ini merupakan salah satu &lt;b&gt;doanya nabi Nuh a.s&lt;/b&gt; pada saat kaum dan anaknya ( kan&#39;an ) yang durhaka di tenggelamkan oleh Allah dengan banjir bandang yang begitu besar , tetapi nabi Nuh dan kaumnya yang beriman diselamatkan oleh Allah dengan cara menaiki kapal besar yang dibuat nabi Nuh a.s.&lt;br /&gt;&lt;br /&gt;Kita dapat memetik hikmah bahwasannya kita semua diciptakan oleh Allah SWT supaya kita melaksanakan apa yang diperintahkanNya dan menjahui segala laranganNya ,jangan sampai kita lalai dan durhaka kepada orangtua yang membesarkan kita semua .&lt;br /&gt;&lt;br /&gt;&lt;div style=&quot;text-align: center;&quot;&gt;&lt;b&gt;Doa Memohon Perlindungan Bhs Arab&lt;/b&gt;&lt;/div&gt;&lt;div style=&quot;text-align: center;&quot;&gt;&lt;br /&gt;&lt;/div&gt;&lt;table align=&quot;center&quot; cellpadding=&quot;0&quot; cellspacing=&quot;0&quot; class=&quot;tr-caption-container&quot; style=&quot;margin-left: auto; margin-right: auto; text-align: center;&quot;&gt;&lt;tbody&gt;&lt;tr&gt;&lt;td style=&quot;text-align: center;&quot;&gt;&lt;a href=&quot;http://1.bp.blogspot.com/-o-WdomjvZeU/VcGdJz4eLQI/AAAAAAAAAIU/7TC23d2vIHA/s1600/Doa%2Bmemohon%2Bperlindungan.jpg&quot; imageanchor=&quot;1&quot; style=&quot;margin-left: auto; margin-right: auto;&quot;&gt;&lt;img alt=&quot;Doa Memohon Perlindungan&quot; border=&quot;0&quot; height=&quot;66&quot; src=&quot;http://1.bp.blogspot.com/-o-WdomjvZeU/VcGdJz4eLQI/AAAAAAAAAIU/7TC23d2vIHA/s400/Doa%2Bmemohon%2Bperlindungan.jpg&quot; title=&quot;Doa Memohon Perlindungan&quot; width=&quot;400&quot; /&gt;&lt;/a&gt;&lt;/td&gt;&lt;/tr&gt;&lt;tr&gt;&lt;td class=&quot;tr-caption&quot; style=&quot;text-align: center;&quot;&gt;&lt;b&gt;Doa Memohon Perlindungan&lt;/b&gt;&lt;/td&gt;&lt;/tr&gt;&lt;/tbody&gt;&lt;/table&gt;&lt;div style=&quot;text-align: left;&quot;&gt;&lt;b&gt;Doa Memohon Perlindungan bahasa Indonesia&lt;/b&gt;&lt;/div&gt;&lt;div style=&quot;text-align: left;&quot;&gt;Ya Tuhanku , sungguh aku berlindung kepada Mu dari memohon sesuatu yang aku tidak mengetahui hakikatnya . Dan sekiranya Engkau tidak memberi ampunan serta tidak menaruh bels kasihan kepadaku , niscaya aku akan termasuk golongan orang-orang yang merugi ( QS. Hud [ 11 ] : 47 )&lt;/div&gt;</content><link rel='replies' type='application/atom+xml' href='https://kumpulan-doa-pilihan.blogspot.com/feeds/4634728670352592679/comments/default' title='Post Comments'/><link rel='replies' type='text/html' href='https://kumpulan-doa-pilihan.blogspot.com/2015/08/doa-memohon-perlindungan-nabi-nuh.html#comment-form' title='0 Comments'/><link rel='edit' type='application/atom+xml' href='https://www.blogger.com/feeds/4517687505829869272/posts/default/4634728670352592679'/><link rel='self' type='application/atom+xml' href='https://www.blogger.com/feeds/4517687505829869272/posts/default/4634728670352592679'/><link rel='alternate' type='text/html' href='https://kumpulan-doa-pilihan.blogspot.com/2015/08/doa-memohon-perlindungan-nabi-nuh.html' title='Doa Memohon Perlindungan ( Nabi Nuh )'/><author><name>Unknown</name><email>noreply@blogger.com</email><gd:image rel='http://schemas.google.com/g/2005#thumbnail' width='16' height='16' src='https://img1.blogblog.com/img/b16-rounded.gif'/></author><media:thumbnail xmlns:media="http://search.yahoo.com/mrss/" url="http://1.bp.blogspot.com/-o-WdomjvZeU/VcGdJz4eLQI/AAAAAAAAAIU/7TC23d2vIHA/s72-c/Doa%2Bmemohon%2Bperlindungan.jpg" height="72" width="72"/><thr:total>0</thr:total></entry><entry><id>tag:blogger.com,1999:blog-4517687505829869272.post-6033889218103476976</id><published>2015-08-04T19:51:00.002-07:00</published><updated>2016-03-12T01:58:58.188-08:00</updated><category scheme="http://www.blogger.com/atom/ns#" term="Doa Keluarga"/><title type='text'>Doa Mohon Keluarga Yang Sakinah</title><content type='html'>&lt;a href=&quot;https://3.bp.blogspot.com/--G21ui4q4xw/VuPoEZHTB2I/AAAAAAAAAlg/Q0ME1WaQtIQ1rHTIrhUMvjPZME_BFgpSw/s1600/keluarga%2Bsakinah.jpg&quot; imageanchor=&quot;1&quot; style=&quot;clear: left; float: left; margin-bottom: 1em; margin-right: 1em;&quot;&gt;&lt;img alt=&quot;keluarga sakinah mawaddah warahmah&quot; border=&quot;0&quot; height=&quot;200&quot; src=&quot;https://3.bp.blogspot.com/--G21ui4q4xw/VuPoEZHTB2I/AAAAAAAAAlg/Q0ME1WaQtIQ1rHTIrhUMvjPZME_BFgpSw/s200/keluarga%2Bsakinah.jpg&quot; title=&quot;keluarga sakinah mawaddah warahmah&quot; width=&quot;200&quot; /&gt;&lt;/a&gt;&lt;b&gt;Keluarga sakinah mawaddah&amp;nbsp; warahmah&lt;/b&gt; merupakan dambaan setiap orang oleh karena itu admin akan bagi &lt;b&gt;doa memohon keluarga sakinah&lt;/b&gt; untuk pengunjung setia Blog Kumpulan Doa Pilihan .&lt;br /&gt;&lt;br /&gt;&lt;b&gt;Apa itu Keluarga Sakinah Mawaddah Warahmah ?&lt;/b&gt;&lt;br /&gt;&lt;b&gt;Sakinah&lt;/b&gt; berarti ketentraman,kedamaian,kebahagiaan ,ketenangan&lt;br /&gt;&lt;a href=&quot;http://kumpulan-doa-pilihan.blogspot.co.id/2015/08/doa-mohon-keluarga-yang-sakinah.html&quot;&gt;&lt;b&gt;Mawaddah&lt;/b&gt;&lt;/a&gt; berarti cinta atau harapan&lt;br /&gt;&lt;b&gt;Warahmah&lt;/b&gt; berarti kasih sayang&lt;br /&gt;Jadi artinya adalah keluarga yang selalu diberikan ketentraman , kebahagiaan ,kedamaian selalu penuh dengan cinta dan kasih sayang.&lt;br /&gt;&lt;br /&gt;&lt;b&gt;Gambar doa mohon keluarga sakinah&lt;/b&gt;&lt;br /&gt;&lt;table align=&quot;center&quot; cellpadding=&quot;0&quot; cellspacing=&quot;0&quot; class=&quot;tr-caption-container&quot; style=&quot;margin-left: auto; margin-right: auto; text-align: center;&quot;&gt;&lt;tbody&gt;&lt;tr&gt;&lt;td style=&quot;text-align: center;&quot;&gt;&lt;a href=&quot;http://4.bp.blogspot.com/-lGpopt9qLdg/VcF4c0lvKTI/AAAAAAAAAIE/qqt3g99aiSs/s1600/Doa-MohonAgar-Dikaruniakan-Keluarga-Sakinah.png&quot; imageanchor=&quot;1&quot; style=&quot;margin-left: auto; margin-right: auto;&quot;&gt;&lt;img alt=&quot;doa mohon keluarga sakinah&quot; border=&quot;0&quot; height=&quot;80&quot; src=&quot;https://4.bp.blogspot.com/-lGpopt9qLdg/VcF4c0lvKTI/AAAAAAAAAIE/qqt3g99aiSs/s400/Doa-MohonAgar-Dikaruniakan-Keluarga-Sakinah.png&quot; title=&quot;doa mohon keluarga sakinah&quot; width=&quot;400&quot; /&gt;&lt;/a&gt;&lt;/td&gt;&lt;/tr&gt;&lt;tr&gt;&lt;td class=&quot;tr-caption&quot; style=&quot;text-align: center;&quot;&gt;&lt;b&gt;doa mohon keluarga sakinah&lt;/b&gt;&lt;/td&gt;&lt;/tr&gt;&lt;/tbody&gt;&lt;/table&gt;&lt;br /&gt;&lt;div style=&quot;text-align: center;&quot;&gt;&lt;b&gt;Do&#39;a Mohon Keluarga Sakinah Bahasa Arab&lt;/b&gt;&amp;nbsp;&lt;/div&gt;&lt;br /&gt;&lt;div style=&quot;text-align: right;&quot;&gt;&lt;span style=&quot;font-family: inherit;&quot;&gt;&lt;span style=&quot;font-size: large;&quot;&gt;&lt;b&gt;ﺭَﺑَّﻨَﺎ ﻫَﺐْ ﻟَﻨَﺎ ﻣِﻦْ ﺃَﺯْﻭَﺍﺟِﻨَﺎ ﻭَﺫُﺭِّﻳَّﺎﺗِﻨَﺎ ﻗُﺮَّﺓَ ﺃَﻋْﻴُﻦٍ ﻭَﺍﺟْﻌَﻠْﻨَﺎ ﻟِﻠْﻤُﺘَّﻘِﻴﻦَ ﺇِﻣَﺎﻣًﺎ&lt;/b&gt;&lt;/span&gt;&lt;/span&gt;&lt;/div&gt;&lt;br /&gt;&lt;b&gt;Doa Mohon Keluarga Sakinah Bahasa Latin&lt;/b&gt;&lt;br /&gt;Robbana hablanaa min azwajinaa wadzurriyatinaa qurrota a&#39;yunin waj&#39;alnaa lilmuttaqiina imaamaa.&lt;b&gt; &lt;/b&gt;&lt;br /&gt;&lt;br /&gt;&lt;a href=&quot;http://kumpulan-doa-pilihan.blogspot.co.id/2015/08/doa-mohon-keluarga-yang-sakinah.html&quot;&gt;&lt;b&gt;Doa Mohon Keluarga Sakinah Bahasa Indonesia&lt;/b&gt;&lt;/a&gt;&lt;br /&gt;Ya Tuhan kami , anugerahkan kepada kami istri-istri kami dan keturunan kami sebagai penyenang hati ( kami ) dan jadikanlah kami imam bagi orang-orang yang bertaqwa.&lt;br /&gt;&lt;br /&gt;*sumber ilustrasi gambar agendajogja.com dan doa dlm arab dari hadiis.blogspot.com</content><link rel='replies' type='application/atom+xml' href='https://kumpulan-doa-pilihan.blogspot.com/feeds/6033889218103476976/comments/default' title='Post Comments'/><link rel='replies' type='text/html' href='https://kumpulan-doa-pilihan.blogspot.com/2015/08/doa-mohon-keluarga-yang-sakinah.html#comment-form' title='4 Comments'/><link rel='edit' type='application/atom+xml' href='https://www.blogger.com/feeds/4517687505829869272/posts/default/6033889218103476976'/><link rel='self' type='application/atom+xml' href='https://www.blogger.com/feeds/4517687505829869272/posts/default/6033889218103476976'/><link rel='alternate' type='text/html' href='https://kumpulan-doa-pilihan.blogspot.com/2015/08/doa-mohon-keluarga-yang-sakinah.html' title='Doa Mohon Keluarga Yang Sakinah'/><author><name>Unknown</name><email>noreply@blogger.com</email><gd:image rel='http://schemas.google.com/g/2005#thumbnail' width='16' height='16' src='https://img1.blogblog.com/img/b16-rounded.gif'/></author><media:thumbnail xmlns:media="http://search.yahoo.com/mrss/" url="https://3.bp.blogspot.com/--G21ui4q4xw/VuPoEZHTB2I/AAAAAAAAAlg/Q0ME1WaQtIQ1rHTIrhUMvjPZME_BFgpSw/s72-c/keluarga%2Bsakinah.jpg" height="72" width="72"/><thr:total>4</thr:total></entry><entry><id>tag:blogger.com,1999:blog-4517687505829869272.post-5571761199673489128</id><published>2015-08-04T18:41:00.000-07:00</published><updated>2015-08-04T18:42:48.466-07:00</updated><category scheme="http://www.blogger.com/atom/ns#" term="Doa Mohon Di Cintai"/><title type='text'>Doa Memohon Agar Mencintai dan Dicintai Allah</title><content type='html'>Betapa bahagianya orang yang dicintai oleh Allah SWT , dengan berbagai nikmat yang telah Engkau berikan kepada hambamu , kita wajib untuk mensyukurinya , kali ini admin Blog Kumpulan Doa Pilihan akan membagikan&lt;b&gt; Do&#39;a mohon agar mencintai dan dicintai Allah SWT&lt;/b&gt; .&lt;br /&gt;Kita semua semoga menjadi orang-orang yang dicintai dan disayangi oleh Allah karena sungguh sangat beruntung hamba yang dicintaiNya , doa ini diriwayatkan dari sebuah &lt;b&gt;hadits Al- Tirmidzi dan Al- Hakim&lt;/b&gt;.&lt;br /&gt;&lt;br /&gt;&lt;div style=&quot;text-align: center;&quot;&gt;&lt;b&gt;Doa Mohon Mencintai dan Dicintai Allah SWT&lt;/b&gt;&lt;/div&gt;&lt;table align=&quot;center&quot; cellpadding=&quot;0&quot; cellspacing=&quot;0&quot; class=&quot;tr-caption-container&quot; style=&quot;margin-left: auto; margin-right: auto; text-align: center;&quot;&gt;&lt;tbody&gt;&lt;tr&gt;&lt;td style=&quot;text-align: center;&quot;&gt;&lt;a href=&quot;http://2.bp.blogspot.com/--osjA-rQ-JQ/VcFpFgWGqQI/AAAAAAAAAH0/xQn6eKFxzO0/s1600/doa%2Bmohon%2Bdicintai%2Bdan%2Bmencintai%2BAllah%2BSWT.jpg&quot; imageanchor=&quot;1&quot; style=&quot;margin-left: auto; margin-right: auto;&quot;&gt;&lt;img alt=&quot;Doa Mohon Mencintai dan Dicintai Allah SWT Al-Tirmidzi Al-Hakim&quot; border=&quot;0&quot; height=&quot;208&quot; src=&quot;http://2.bp.blogspot.com/--osjA-rQ-JQ/VcFpFgWGqQI/AAAAAAAAAH0/xQn6eKFxzO0/s400/doa%2Bmohon%2Bdicintai%2Bdan%2Bmencintai%2BAllah%2BSWT.jpg&quot; title=&quot;Doa Mohon Mencintai dan Dicintai Allah SWT Al-Tirmidzi Al-Hakim&quot; width=&quot;400&quot; /&gt;&lt;/a&gt;&lt;/td&gt;&lt;/tr&gt;&lt;tr&gt;&lt;td class=&quot;tr-caption&quot; style=&quot;text-align: center;&quot;&gt;Doa Mohon Mencintai dan Dicintai Allah SWT , HR Al-Tirmidzi dan Al-Hakim&lt;/td&gt;&lt;/tr&gt;&lt;/tbody&gt;&lt;/table&gt;&lt;div style=&quot;text-align: center;&quot;&gt;&lt;/div&gt;&lt;div class=&quot;separator&quot; style=&quot;clear: both; text-align: center;&quot;&gt;&lt;/div&gt;&lt;div style=&quot;text-align: center;&quot;&gt;&lt;b&gt;Doa Mohon Mencintai dan Dicintai Allah SWT dalam bahasa latin&lt;/b&gt;&lt;/div&gt;&lt;div style=&quot;text-align: left;&quot;&gt;Allahumma innii as&#39;aluka hubbaka wa hubba man yuhibbuka wal&#39;amalal-ladzii yuballighunii hubbaka&lt;/div&gt;&lt;div style=&quot;text-align: left;&quot;&gt;Allahummaj&#39;al hubbaka ahabba ilayya min nafsii wa ahlii wa minal maa&#39;il-baarid ( Al-Tirmidzi dan Al-Hakim ).&lt;/div&gt;&lt;div style=&quot;text-align: center;&quot;&gt;&lt;br /&gt;&lt;/div&gt;&lt;div style=&quot;text-align: center;&quot;&gt;&lt;b&gt;Doa Mohon Mencintai dan Dicintai Allah SWT dalam bahasa Indonesia&lt;/b&gt;&lt;/div&gt;&lt;div style=&quot;text-align: left;&quot;&gt;Ya Allah , aku mohon pada Mu cinta Mu dan cinta orang yang mencintai Mu , amalan yang mengantarkanku menggapai cinta Mu&amp;nbsp;&lt;/div&gt;&lt;div style=&quot;text-align: left;&quot;&gt;Ya Allah , jadikan kecintaanku kepada Mu lebih aku cintai daripada cintaku pada diriku sendiri , keluargaku, dan air dingin.&lt;/div&gt;</content><link rel='replies' type='application/atom+xml' href='https://kumpulan-doa-pilihan.blogspot.com/feeds/5571761199673489128/comments/default' title='Post Comments'/><link rel='replies' type='text/html' href='https://kumpulan-doa-pilihan.blogspot.com/2015/08/doa-memohon-agar-mencintai-dan-dicintai.html#comment-form' title='2 Comments'/><link rel='edit' type='application/atom+xml' href='https://www.blogger.com/feeds/4517687505829869272/posts/default/5571761199673489128'/><link rel='self' type='application/atom+xml' href='https://www.blogger.com/feeds/4517687505829869272/posts/default/5571761199673489128'/><link rel='alternate' type='text/html' href='https://kumpulan-doa-pilihan.blogspot.com/2015/08/doa-memohon-agar-mencintai-dan-dicintai.html' title='Doa Memohon Agar Mencintai dan Dicintai Allah'/><author><name>Unknown</name><email>noreply@blogger.com</email><gd:image rel='http://schemas.google.com/g/2005#thumbnail' width='16' height='16' src='https://img1.blogblog.com/img/b16-rounded.gif'/></author><media:thumbnail xmlns:media="http://search.yahoo.com/mrss/" url="http://2.bp.blogspot.com/--osjA-rQ-JQ/VcFpFgWGqQI/AAAAAAAAAH0/xQn6eKFxzO0/s72-c/doa%2Bmohon%2Bdicintai%2Bdan%2Bmencintai%2BAllah%2BSWT.jpg" height="72" width="72"/><thr:total>2</thr:total></entry><entry><id>tag:blogger.com,1999:blog-4517687505829869272.post-6298391838127715654</id><published>2015-08-04T09:14:00.000-07:00</published><updated>2015-08-04T09:16:34.061-07:00</updated><category scheme="http://www.blogger.com/atom/ns#" term="Doa Sholat Fardhu"/><title type='text'>Bacaan Doa Qunut Saat Sholat Subuh</title><content type='html'>Kali ini admin akan membagikan sedikit mengingatkan kembali dengan doa Qunut , mungkin sudah banyak yang tahu tetapi yang belum hafal dan masih belajar silahkan disimak dengan baik ya.&lt;br /&gt;&lt;a href=&quot;http://kumpulan-doa-pilihan.blogspot.com/2015/08/bacaan-doa-qunut-saat-sholat-subuh.html&quot;&gt;&lt;b&gt;Do&#39;a Qunut&lt;/b&gt;&lt;/a&gt;&lt;br /&gt;doa ini merupakan doa yang dibaca saat &lt;b&gt;solat subuh&lt;/b&gt; pada waktu rakaat kedua setelah ruku , &lt;b&gt;hukum membaca&lt;/b&gt;nya adalah sunah muakad.&lt;br /&gt;&lt;br /&gt;&lt;div style=&quot;text-align: center;&quot;&gt;&lt;b&gt;Bacaan Doa Qunut Bahasa Arab&lt;/b&gt;&lt;/div&gt;&lt;div style=&quot;text-align: center;&quot;&gt;&lt;br /&gt;&lt;/div&gt;&lt;table align=&quot;center&quot; cellpadding=&quot;0&quot; cellspacing=&quot;0&quot; class=&quot;tr-caption-container&quot; style=&quot;margin-left: auto; margin-right: auto; text-align: center;&quot;&gt;&lt;tbody&gt;&lt;tr&gt;&lt;td style=&quot;text-align: center;&quot;&gt;&lt;a href=&quot;http://2.bp.blogspot.com/-9IDQSWgExNc/VcDeGz25xNI/AAAAAAAAAHQ/v0NVKQcN3g4/s1600/bacaan-doa-qunut-bahasa-arab.jpg&quot; imageanchor=&quot;1&quot; style=&quot;margin-left: auto; margin-right: auto;&quot;&gt;&lt;img alt=&quot;Bacaan Doa Qunut Bahasa Arab&quot; border=&quot;0&quot; height=&quot;303&quot; src=&quot;http://2.bp.blogspot.com/-9IDQSWgExNc/VcDeGz25xNI/AAAAAAAAAHQ/v0NVKQcN3g4/s400/bacaan-doa-qunut-bahasa-arab.jpg&quot; title=&quot;Bacaan Doa Qunut Bahasa Arab&quot; width=&quot;400&quot; /&gt;&lt;/a&gt;&lt;/td&gt;&lt;/tr&gt;&lt;tr&gt;&lt;td class=&quot;tr-caption&quot; style=&quot;text-align: center;&quot;&gt;&lt;b&gt;Doa Qunut Bahasa Arab&lt;/b&gt;&lt;/td&gt;&lt;/tr&gt;&lt;/tbody&gt;&lt;/table&gt;&lt;div style=&quot;text-align: left;&quot;&gt;&lt;b&gt;Latin Doa Qunut&lt;/b&gt;&lt;/div&gt;&lt;div style=&quot;text-align: left;&quot;&gt;Allahhummahdinifiimanhadait , waafinifiimanaafait ,watawallani fii man tawallait , wabarikli fiima akthaitt, wakini bi rahmatika syarramaaqadhait , fainnaka taqdhii wala yuqdhaa alaiik . Wa innahu laa yadzilluman walait ,walayangizuman ngadait , tabarokta robbana watangalait , falakalhamdu ngalamaqadhoit . waastagfiruka waatubu ilaik . wasolallohungalasayyidina muhammadinni ummi wangalaali washohbihi wasallam.&lt;/div&gt;&lt;div style=&quot;text-align: left;&quot;&gt;&lt;br /&gt;&lt;/div&gt;&lt;div style=&quot;text-align: left;&quot;&gt;&lt;b&gt;Arti / Terjemahan Doa Qunut&amp;nbsp;&lt;/b&gt;&lt;/div&gt;&lt;div style=&quot;text-align: left;&quot;&gt;Ya Allah , berilah aku petunjuk seperti orang-orang yang telah Engkau beri petunjuk . Berilah aku kesehatan seperti orang yang tlah Engkau beri kesehatan . Pimpinlah aku bersama-sama orang-orang yang telah Engkau pimpin . Berilah berkah pada segala apa yang telah Engkau berikan kepadaku . Dan peliharalah aku dari kejahatan yang Engkau pastikan . Karena , sesungguhnya Engkaulah yang menentukan dan tidak ada yang menghukum ( menentukan ) atas Engkau . Dan tidaklah akan hina orang-orang yang telah Engkau beri kekuasaan . Dan tidaklah akan mulia orang yang Engkau musuhi . Maha berkahlah Engkau dan maha Luhurlah Engkau . Segala puji bagi-Mu atas yang telah Engkau pastikan. Aku mohon ampun dan kembalilah (taubat) kepada Engkau . Semoga Allah memberi rahmat , berkah dan salam atas nabi Muhammad beserta seluruh keluarganya dan sahabatnya .&lt;/div&gt;&lt;div style=&quot;text-align: left;&quot;&gt;&lt;br /&gt;&lt;/div&gt;&lt;div style=&quot;text-align: left;&quot;&gt;sumber referensi gambar doa qunut dari kumpulan-doa-mustajab.blogspot.com , terimakasih banyak dan apabila ada penulisan yang salah silahkan jangan sungkan untuk melaporkan kepada admin kumpulan-doa-pilihan.blogspot.com .&lt;/div&gt;</content><link rel='replies' type='application/atom+xml' href='https://kumpulan-doa-pilihan.blogspot.com/feeds/6298391838127715654/comments/default' title='Post Comments'/><link rel='replies' type='text/html' href='https://kumpulan-doa-pilihan.blogspot.com/2015/08/bacaan-doa-qunut-saat-sholat-subuh.html#comment-form' title='3 Comments'/><link rel='edit' type='application/atom+xml' href='https://www.blogger.com/feeds/4517687505829869272/posts/default/6298391838127715654'/><link rel='self' type='application/atom+xml' href='https://www.blogger.com/feeds/4517687505829869272/posts/default/6298391838127715654'/><link rel='alternate' type='text/html' href='https://kumpulan-doa-pilihan.blogspot.com/2015/08/bacaan-doa-qunut-saat-sholat-subuh.html' title='Bacaan Doa Qunut Saat Sholat Subuh'/><author><name>Unknown</name><email>noreply@blogger.com</email><gd:image rel='http://schemas.google.com/g/2005#thumbnail' width='16' height='16' src='https://img1.blogblog.com/img/b16-rounded.gif'/></author><media:thumbnail xmlns:media="http://search.yahoo.com/mrss/" url="http://2.bp.blogspot.com/-9IDQSWgExNc/VcDeGz25xNI/AAAAAAAAAHQ/v0NVKQcN3g4/s72-c/bacaan-doa-qunut-bahasa-arab.jpg" height="72" width="72"/><thr:total>3</thr:total></entry><entry><id>tag:blogger.com,1999:blog-4517687505829869272.post-8435830634259450635</id><published>2015-08-04T08:31:00.000-07:00</published><updated>2015-08-04T08:31:27.549-07:00</updated><category scheme="http://www.blogger.com/atom/ns#" term="Doa Kekayaan"/><category scheme="http://www.blogger.com/atom/ns#" term="Doa Nabi Sulaiman"/><category scheme="http://www.blogger.com/atom/ns#" term="Memohon Rezeki"/><title type='text'>Doa Nabi Sulaiman a.s Untuk Kekayaan</title><content type='html'>Setiap manusia pasti mempunyai keinginan untuk menjadi orang kaya dan sukses , untuk itu admin akan membagikan salah satu do&#39;a nabi Sulaiman ketika memohon kekayaan kepada Allah SWT, tapi ingatlah suatu kesuksesan ditempuh tidak secara instan tetapi membutuhkan proses dan perjuangan kerja keras diiringi dengan usaha dan doa .&lt;br /&gt;&lt;br /&gt;&lt;div style=&quot;text-align: center;&quot;&gt;&lt;b&gt;Do&#39;a Nabi Sulaiman - Untuk Kekayaan&lt;/b&gt;&lt;/div&gt;&lt;div style=&quot;text-align: center;&quot;&gt;&lt;br /&gt;&lt;/div&gt;&lt;table align=&quot;center&quot; cellpadding=&quot;0&quot; cellspacing=&quot;0&quot; class=&quot;tr-caption-container&quot; style=&quot;margin-left: auto; margin-right: auto; text-align: center;&quot;&gt;&lt;tbody&gt;&lt;tr&gt;&lt;td style=&quot;text-align: center;&quot;&gt;&lt;a href=&quot;http://1.bp.blogspot.com/-3WQX1TE9upA/VcDVlHnl_OI/AAAAAAAAAG0/rGPwhJ5WXH4/s1600/doa%2Bmemohon%2Bkekayaan%2B1.png&quot; imageanchor=&quot;1&quot; style=&quot;margin-left: auto; margin-right: auto;&quot;&gt;&lt;img alt=&quot;Qs. Shaad : 35&quot; border=&quot;0&quot; height=&quot;70&quot; src=&quot;http://1.bp.blogspot.com/-3WQX1TE9upA/VcDVlHnl_OI/AAAAAAAAAG0/rGPwhJ5WXH4/s400/doa%2Bmemohon%2Bkekayaan%2B1.png&quot; title=&quot;Qs. Shaad : 35&quot; width=&quot;400&quot; /&gt;&lt;/a&gt;&lt;/td&gt;&lt;/tr&gt;&lt;tr&gt;&lt;td class=&quot;tr-caption&quot; style=&quot;text-align: center;&quot;&gt;&lt;b&gt;Qs. Shaad : 35&lt;/b&gt;&lt;/td&gt;&lt;/tr&gt;&lt;/tbody&gt;&lt;/table&gt;&lt;div style=&quot;text-align: left;&quot;&gt;Artinya : Ya Tuhanku , ampunilah aku dan anugerahkan kepadaku kerajaan yang tidak dimiliki oleh seorang juapun sesudahku , sesungguhnya Engkaulah yang maha pemberi. ( Qs. Shaad : 35 )&lt;/div&gt;&lt;div style=&quot;text-align: left;&quot;&gt;&lt;br /&gt;&lt;/div&gt;&lt;div style=&quot;text-align: left;&quot;&gt;Setelah keberkahan dan rezeki yang begitu besar yang di anugerahkan kepada nabi Sulaiman , membuat beliau semakin bersyukur atas nikmat yang telah diberikan .&lt;/div&gt;&lt;div style=&quot;text-align: left;&quot;&gt;&lt;br /&gt;&lt;/div&gt;&lt;div style=&quot;text-align: center;&quot;&gt;&lt;b&gt;Doa Nabi Sulaiman Setelah diberi Rezeki yang Luar biasa&lt;/b&gt;&lt;/div&gt;&lt;div style=&quot;text-align: center;&quot;&gt;&lt;br /&gt;&lt;/div&gt;&lt;table align=&quot;center&quot; cellpadding=&quot;0&quot; cellspacing=&quot;0&quot; class=&quot;tr-caption-container&quot; style=&quot;margin-left: auto; margin-right: auto; text-align: center;&quot;&gt;&lt;tbody&gt;&lt;tr&gt;&lt;td style=&quot;text-align: center;&quot;&gt;&lt;a href=&quot;http://1.bp.blogspot.com/-bvaxy-CqtQ4/VcDXOhoJzVI/AAAAAAAAAHA/fAFDLpoELwE/s1600/doa%2Bbersyukur.png&quot; imageanchor=&quot;1&quot; style=&quot;margin-left: auto; margin-right: auto;&quot;&gt;&lt;img alt=&quot;doa bersyukur nabi Sulaiman&quot; border=&quot;0&quot; height=&quot;107&quot; src=&quot;http://1.bp.blogspot.com/-bvaxy-CqtQ4/VcDXOhoJzVI/AAAAAAAAAHA/fAFDLpoELwE/s400/doa%2Bbersyukur.png&quot; title=&quot;doa bersyukur nabi Sulaiman&quot; width=&quot;400&quot; /&gt;&lt;/a&gt;&lt;/td&gt;&lt;/tr&gt;&lt;tr&gt;&lt;td class=&quot;tr-caption&quot; style=&quot;text-align: center;&quot;&gt;Qs An Naml : 19&lt;/td&gt;&lt;td class=&quot;tr-caption&quot; style=&quot;text-align: center;&quot;&gt;&lt;/td&gt;&lt;/tr&gt;&lt;/tbody&gt;&lt;/table&gt;&lt;br /&gt;&lt;div style=&quot;text-align: left;&quot;&gt;&lt;table cellpadding=&quot;0&quot; cellspacing=&quot;0&quot; class=&quot;tr-caption-container&quot; style=&quot;margin-left: 0px; margin-right: auto; text-align: left;&quot;&gt;&lt;tbody&gt;&lt;tr&gt;&lt;td class=&quot;tr-caption&quot; style=&quot;text-align: left;&quot;&gt;&lt;span style=&quot;font-size: small;&quot;&gt;&lt;span style=&quot;font-family: inherit;&quot;&gt;Artinya&lt;/span&gt;&lt;/span&gt; : &lt;span style=&quot;font-size: small;&quot;&gt;Maka  dia tersenyum dengan tertawa karena mendengar perkataan dari semut itu .  Dan ia berdoa : Ya Tuhanku berilah aku ilham untuk tetap mensyukuri nikmatMu yang telah Engkau anugerahkan kepadaku dan kepada dua orang Ibu Bapakku dan untuk mengerjakan amal saleh yang Engkau ridhai dan masukkanlah aku dengan rahmat Mu ke dalam golongan hamba-hamba Mu yang saleh ( Qs An-Naml : 19 )&lt;/span&gt;&lt;br /&gt;&lt;br /&gt;&lt;span style=&quot;font-size: small;&quot;&gt;sumber referensi gambar doa kumpulan-doa-mustajab.blogspot.com , terimakasih gan semoga barokah. &lt;/span&gt;&lt;/td&gt;&lt;td class=&quot;tr-caption&quot; style=&quot;text-align: center;&quot;&gt;&lt;br /&gt;&lt;/td&gt;&lt;td class=&quot;tr-caption&quot; style=&quot;text-align: center;&quot;&gt;&lt;br /&gt;&lt;/td&gt;&lt;td class=&quot;tr-caption&quot; style=&quot;text-align: center;&quot;&gt;&lt;br /&gt;&lt;/td&gt;&lt;td class=&quot;tr-caption&quot; style=&quot;text-align: center;&quot;&gt;&lt;br /&gt;&lt;/td&gt;&lt;td class=&quot;tr-caption&quot; style=&quot;text-align: center;&quot;&gt;&lt;br /&gt;&lt;/td&gt;&lt;td class=&quot;tr-caption&quot; style=&quot;text-align: center;&quot;&gt;&lt;br /&gt;&lt;/td&gt;&lt;/tr&gt;&lt;/tbody&gt;&lt;/table&gt;&lt;/div&gt;</content><link rel='replies' type='application/atom+xml' href='https://kumpulan-doa-pilihan.blogspot.com/feeds/8435830634259450635/comments/default' title='Post Comments'/><link rel='replies' type='text/html' href='https://kumpulan-doa-pilihan.blogspot.com/2015/08/doa-nabi-sulaiman-as-untuk-kekayaan.html#comment-form' title='0 Comments'/><link rel='edit' type='application/atom+xml' href='https://www.blogger.com/feeds/4517687505829869272/posts/default/8435830634259450635'/><link rel='self' type='application/atom+xml' href='https://www.blogger.com/feeds/4517687505829869272/posts/default/8435830634259450635'/><link rel='alternate' type='text/html' href='https://kumpulan-doa-pilihan.blogspot.com/2015/08/doa-nabi-sulaiman-as-untuk-kekayaan.html' title='Doa Nabi Sulaiman a.s Untuk Kekayaan'/><author><name>Unknown</name><email>noreply@blogger.com</email><gd:image rel='http://schemas.google.com/g/2005#thumbnail' width='16' height='16' src='https://img1.blogblog.com/img/b16-rounded.gif'/></author><media:thumbnail xmlns:media="http://search.yahoo.com/mrss/" url="http://1.bp.blogspot.com/-3WQX1TE9upA/VcDVlHnl_OI/AAAAAAAAAG0/rGPwhJ5WXH4/s72-c/doa%2Bmemohon%2Bkekayaan%2B1.png" height="72" width="72"/><thr:total>0</thr:total></entry><entry><id>tag:blogger.com,1999:blog-4517687505829869272.post-1085563163515901930</id><published>2015-08-04T07:36:00.002-07:00</published><updated>2015-08-04T07:36:25.468-07:00</updated><category scheme="http://www.blogger.com/atom/ns#" term="Doa Memohon Anak"/><category scheme="http://www.blogger.com/atom/ns#" term="Doa Nabi Ibrahim"/><title type='text'>Doa Memohon Di Beri Keturunan Anak Sholeh ( Do&#39;a Nabi Ibrahim )</title><content type='html'>Kali ini akan admin bagi &lt;b&gt;doa memohon diberikan keturunan anak yang saleh&lt;/b&gt; , doa ini merupakan amalan &lt;b&gt;doa nabi Ibrahim&lt;/b&gt; , cocok sekali bagi anda yang baru saja menikah , amalkan doa ini semoga doa akan terkabul dan anak anda menjadi &lt;b&gt;seorang anak yang sholeh dan sholehah&lt;/b&gt; amien.&lt;br /&gt;Dahulu kala nabi Ibrahim bertahun-tahun tidak juga kunjung diberi kepercayaan seorang anak , akhirnya beliau berdoa kepada Allah SWT , dan Allah kabulkan doa tersebut dan akhirnya nabi Ibrahim as dikaruniai seorang anak yang juga menjadi seorang nabi yaitu &lt;b&gt;Ismail.&lt;/b&gt;&lt;br /&gt;&lt;div style=&quot;text-align: center;&quot;&gt;&lt;b&gt;&lt;br /&gt;&lt;/b&gt;&lt;/div&gt;&lt;div style=&quot;text-align: center;&quot;&gt;&lt;a href=&quot;http://kumpulan-doa-pilihan.blogspot.com/2015/08/doa-memohon-di-beri-keturunan-anak.html&quot;&gt;&lt;b&gt;Doa Nabi Ibrahim - Memohon dikaruniai Keturunan Anak yang Saleh&lt;/b&gt;&lt;/a&gt;&lt;/div&gt;&lt;div style=&quot;text-align: center;&quot;&gt;&lt;br /&gt;&lt;/div&gt;&lt;table align=&quot;center&quot; cellpadding=&quot;0&quot; cellspacing=&quot;0&quot; class=&quot;tr-caption-container&quot; style=&quot;margin-left: auto; margin-right: auto; text-align: center;&quot;&gt;&lt;tbody&gt;&lt;tr&gt;&lt;td style=&quot;text-align: center;&quot;&gt;&lt;a href=&quot;http://4.bp.blogspot.com/-TZsySYYlip8/VcDLm8_hCyI/AAAAAAAAAGk/zTJRzHEhWwE/s1600/doa%2Bnabi%2Bibrahim%2Bminta%2Banak.png&quot; imageanchor=&quot;1&quot; style=&quot;margin-left: auto; margin-right: auto;&quot;&gt;&lt;img alt=&quot;Qs. Ash-Syafaat [37] : 100&quot; border=&quot;0&quot; height=&quot;62&quot; src=&quot;http://4.bp.blogspot.com/-TZsySYYlip8/VcDLm8_hCyI/AAAAAAAAAGk/zTJRzHEhWwE/s400/doa%2Bnabi%2Bibrahim%2Bminta%2Banak.png&quot; title=&quot;Qs. Ash-Syafaat [37] : 100&quot; width=&quot;400&quot; /&gt;&lt;/a&gt;&lt;/td&gt;&lt;/tr&gt;&lt;tr&gt;&lt;td class=&quot;tr-caption&quot; style=&quot;text-align: center;&quot;&gt;&lt;b&gt;&lt;span style=&quot;font-size: small;&quot;&gt;Robbi hablii minassholihin&lt;/span&gt;&lt;/b&gt;&lt;/td&gt;&lt;/tr&gt;&lt;/tbody&gt;&lt;/table&gt;&lt;div style=&quot;text-align: left;&quot;&gt;&lt;b&gt;Artinya : Ya Tuhanku anugerahkanlah kepadaku ( seorang anak ) yang termasuk orang-orang yang saleh ( Qs. Ash-Syafaat [37] : 100 ) .&lt;/b&gt;&lt;/div&gt;&lt;div style=&quot;text-align: left;&quot;&gt;&lt;br /&gt;&lt;/div&gt;&lt;div style=&quot;text-align: left;&quot;&gt;sumber referensi gambar dan doa kumpulan-doa-mustajab.blogspot.com&lt;b&gt; &lt;/b&gt;, terimakasih atas share doa semoga barokah.&lt;/div&gt;</content><link rel='replies' type='application/atom+xml' href='https://kumpulan-doa-pilihan.blogspot.com/feeds/1085563163515901930/comments/default' title='Post Comments'/><link rel='replies' type='text/html' href='https://kumpulan-doa-pilihan.blogspot.com/2015/08/doa-memohon-di-beri-keturunan-anak.html#comment-form' title='0 Comments'/><link rel='edit' type='application/atom+xml' href='https://www.blogger.com/feeds/4517687505829869272/posts/default/1085563163515901930'/><link rel='self' type='application/atom+xml' href='https://www.blogger.com/feeds/4517687505829869272/posts/default/1085563163515901930'/><link rel='alternate' type='text/html' href='https://kumpulan-doa-pilihan.blogspot.com/2015/08/doa-memohon-di-beri-keturunan-anak.html' title='Doa Memohon Di Beri Keturunan Anak Sholeh ( Do&#39;a Nabi Ibrahim )'/><author><name>Unknown</name><email>noreply@blogger.com</email><gd:image rel='http://schemas.google.com/g/2005#thumbnail' width='16' height='16' src='https://img1.blogblog.com/img/b16-rounded.gif'/></author><media:thumbnail xmlns:media="http://search.yahoo.com/mrss/" url="http://4.bp.blogspot.com/-TZsySYYlip8/VcDLm8_hCyI/AAAAAAAAAGk/zTJRzHEhWwE/s72-c/doa%2Bnabi%2Bibrahim%2Bminta%2Banak.png" height="72" width="72"/><thr:total>0</thr:total></entry></feed>