<?xml version="1.0" encoding="UTF-8" ?>
<!DOCTYPE html>
<html b:css='false' b:defaultwidgetversion='2' b:layoutsVersion='3' b:responsive='true' b:templateVersion='1.3.0' expr:dir='data:blog.languageDirection' xmlns='http://www.w3.org/1999/xhtml' xmlns:b='http://www.google.com/2005/gml/b' xmlns:data='http://www.google.com/2005/gml/data' xmlns:expr='http://www.google.com/2005/gml/expr'>
  <head>
       <meta charset='utf-8'/>
<meta content='#F57D00' name='theme-color'/>
<meta expr:content='&quot;text/html; charset=&quot; + data:blog.encoding' http-equiv='Content-Type'/>
<meta content='width=device-width, initial-scale=1, shrink-to-fit=no' name='viewport'/>
<b:if cond='data:view.isSearch'>
    <b:if cond='data:blog.metaDescription'>
        <meta expr:content='data:blog.pageName + &quot; - &quot; + data:blog.title + &quot; - &quot; + data:blog.metaDescription' name='description'/> 
    <b:else/>
        <meta expr:content='data:blog.pageName + &quot; - &quot; + data:blog.title + &quot; - &quot; + data:blog.homepageUrl' name='description'/>
    </b:if>
<b:elseif cond='data:view.isHomepage'/>
    <b:if cond='data:blog.metaDescription'>
        <meta expr:content='data:blog.metaDescription' name='description'/>
    <b:else/>
        <meta expr:content='data:blog.title + &quot; - &quot; + data:blog.homepageUrl' name='description'/>
    </b:if>
<b:elseif cond='data:view.isSingleItem'/>
    <b:if cond='data:blog.metaDescription'>
        <meta expr:content='data:blog.metaDescription' name='description'/>
    <b:else/>
        <meta expr:content='data:blog.pageName + &quot; - &quot; + data:blog.title + &quot; - &quot; + data:blog.homepageUrl' name='description'/>
    </b:if> 
</b:if><b:comment><!--
<b:if cond='data:widgets'>
    <meta expr:content='data:skin.vars.body_background_color' name='theme-color'/>
    <meta expr:content='data:skin.vars.body_background_color' name='msapplication-navbutton-color'/>
  </b:if> --></b:comment>
<meta content='blogger' name='generator'/>
<b:if cond='data:blog.adultContent'>
    <meta content='adult' name='rating'/>
</b:if><data:blog.feedLinks/>
<data:blog.meTag/>
<meta content='origin-when-crossorigin' name='referrer'/>
<b:tag cond='data:blog.googleProfileUrl' expr:href='data:blog.googleProfileUrl' name='link' rel='publisher'/>
<b:tag cond='data:view.featuredImage' expr:href='data:view.featuredImage' name='link' rel='image_src'/>
<meta content='yes' name='mobile-web-app-capable'/>
<meta content='yes' name='apple-mobile-web-app-capable'/>
<meta content='#F57D00' name='apple-mobile-web-app-status-bar-style'/>
<meta expr:content='data:blog.title' name='application-name'/>
<meta expr:content='data:blog.title' name='msapplication-tooltip'/>
<meta expr:content='data:blog.title' name='apple-mobile-web-app-title'/>
<meta content='/' name='msapplication-starturl'/>
<link href='https://rawcdn.githack.com/ninura/ninura.store/0492205a964790e96e9ae27ea39e6504f5fccf99/manifest.json' rel='manifest'/>
<link expr:href='data:blog.blogspotFaviconUrl' rel='shortcut icon' type='image/x-icon'/>
<link href='https://1.bp.blogspot.com/-_UWhBEd5l9E/X7XC1q-fyvI/AAAAAAAAAsM/aAMVvE38FiEKvVpL0GOlFV-L4JkubqkSgCK4BGAYYCw/w32-h32/android-chrome-512x512.png' rel='icon' sizes='32x32' type='image/png'/>
<link href='https://1.bp.blogspot.com/-_UWhBEd5l9E/X7XC1q-fyvI/AAAAAAAAAsM/aAMVvE38FiEKvVpL0GOlFV-L4JkubqkSgCK4BGAYYCw/w64-h64/android-chrome-512x512.png' rel='icon' sizes='64x64' type='image/png'/>
<link href='https://1.bp.blogspot.com/-_UWhBEd5l9E/X7XC1q-fyvI/AAAAAAAAAsM/aAMVvE38FiEKvVpL0GOlFV-L4JkubqkSgCK4BGAYYCw/w96-h96/android-chrome-512x512.png' rel='icon' sizes='96x96' type='image/png'/>
<link href='https://1.bp.blogspot.com/-_UWhBEd5l9E/X7XC1q-fyvI/AAAAAAAAAsM/aAMVvE38FiEKvVpL0GOlFV-L4JkubqkSgCK4BGAYYCw/w192-h192/android-chrome-512x512.png' rel='icon' sizes='192x192' type='image/png'/>
<link href='https://1.bp.blogspot.com/-_UWhBEd5l9E/X7XC1q-fyvI/AAAAAAAAAsM/aAMVvE38FiEKvVpL0GOlFV-L4JkubqkSgCK4BGAYYCw/w256-h256/android-chrome-512x512.png' rel='icon' sizes='256x256' type='image/png'/>
<link href='https://1.bp.blogspot.com/-_UWhBEd5l9E/X7XC1q-fyvI/AAAAAAAAAsM/aAMVvE38FiEKvVpL0GOlFV-L4JkubqkSgCK4BGAYYCw/w76-h76/android-chrome-512x512.png' rel='apple-touch-icon' sizes='76x76'/>
<link href='https://1.bp.blogspot.com/-_UWhBEd5l9E/X7XC1q-fyvI/AAAAAAAAAsM/aAMVvE38FiEKvVpL0GOlFV-L4JkubqkSgCK4BGAYYCw/w120-h120/android-chrome-512x512.png' rel='apple-touch-icon' sizes='120x120'/>
<link href='https://1.bp.blogspot.com/-_UWhBEd5l9E/X7XC1q-fyvI/AAAAAAAAAsM/aAMVvE38FiEKvVpL0GOlFV-L4JkubqkSgCK4BGAYYCw/w152-h152/android-chrome-512x512.png' rel='apple-touch-icon' sizes='152x152'/>
<link href='https://1.bp.blogspot.com/-_UWhBEd5l9E/X7XC1q-fyvI/AAAAAAAAAsM/aAMVvE38FiEKvVpL0GOlFV-L4JkubqkSgCK4BGAYYCw/w167-h167/android-chrome-512x512.png' rel='apple-touch-icon' sizes='167x167'/>
<link href='https://1.bp.blogspot.com/-_UWhBEd5l9E/X7XC1q-fyvI/AAAAAAAAAsM/aAMVvE38FiEKvVpL0GOlFV-L4JkubqkSgCK4BGAYYCw/w180-h180/android-chrome-512x512.png' rel='apple-touch-icon' sizes='180x180'/>
<!--[if IE]><meta content='IE=edge; IE=9; IE=8; IE=7; chrome=1' http-equiv='X-UA-Compatible'/><![endif]-->
<b:comment><!-- Optimization Prefetch --></b:comment>
<link expr:href='data:blog.homepageUrl' rel='dns-prefetch'/>
<link href='//1.bp.blogspot.com' rel='dns-prefetch'/>
<link href='//2.bp.blogspot.com' rel='dns-prefetch'/>
<link href='//3.bp.blogspot.com' rel='dns-prefetch'/>
<link href='//4.bp.blogspot.com' rel='dns-prefetch'/>
<link href='//adservice.google.ca' rel='dns-prefetch'/>
<link href='//adservice.google.co.id' rel='dns-prefetch'/>
<link href='//adservice.google.com' rel='dns-prefetch'/>
<link href='//ajax.cloudflare.com' rel='dns-prefetch'/>
<link href='//ajax.googleapis.com' rel='dns-prefetch'/>
<link href='//cdn.jsdelivr.net' rel='dns-prefetch'/>
<link href='//cdn.rawgit.com' rel='dns-prefetch'/>
<link href='//cdn.staticaly.com' rel='dns-prefetch'/>
<link href='//cse.google.com' rel='dns-prefetch'/>
<link href='//disqus.com' rel='dns-prefetch'/>
<link href='//fontawesome.com' rel='dns-prefetch'/>
<link href='//fonts.googleapis.com' rel='dns-prefetch'/>
<link href='//googleads.g.doubleclick.net' rel='dns-prefetch'/>
<link href='//github.com' rel='dns-prefetch'/>
<link href='//lh1.googleusercontent.com' rel='dns-prefetch'/>
<link href='//lh2.googleusercontent.com' rel='dns-prefetch'/>
<link href='//lh3.googleusercontent.com' rel='dns-prefetch'/>
<link href='//lh4.googleusercontent.com' rel='dns-prefetch'/>
<link href='//maxcdn.bootstrapcdn.com' rel='dns-prefetch'/>
<link href='//nisfanurfadilahrachmaniar.blogspot.com' rel='dns-prefetch'/>
<link href='//pagead2.googlesyndication.com' rel='dns-prefetch'/>
<link href='//partner.googleadservices.com' rel='dns-prefetch'/>
<link href='//raw.githubusercontent.com' rel='dns-prefetch'/>
<link href='//rawcdn.githack.com' rel='dns-prefetch'/>
<link href='//resources.blogblog.com' rel='dns-prefetch'/>
<link href='//tpc.googlesyndication.com' rel='dns-prefetch'/>
<link href='//www.google-analytics.com' rel='dns-prefetch'/>
<link href='//www.histats.com' rel='dns-prefetch'/>
<link href='//www.google.com' rel='dns-prefetch'/>
<link href='//www.googletagmanager.com' rel='dns-prefetch'/>
<link href='//www.googletagservices.com' rel='dns-prefetch'/>
<link href='//www.gstatic.com' rel='dns-prefetch'/>
<link href='//www.sharethis.com' rel='dns-prefetch'/>
<link expr:href='data:blog.homepageUrl' rel='preconnect'/>
<link href='//1.bp.blogspot.com' rel='preconnect'/>
<link href='//2.bp.blogspot.com' rel='preconnect'/>
<link href='//3.bp.blogspot.com' rel='preconnect'/>
<link href='//4.bp.blogspot.com' rel='preconnect'/>
<link href='//adservice.google.ca' rel='preconnect'/>
<link href='//adservice.google.co.id' rel='preconnect'/>
<link href='//adservice.google.com' rel='preconnect'/>
<link href='//ajax.cloudflare.com' rel='preconnect'/>
<link href='//ajax.googleapis.com' rel='preconnect'/>
<link href='//cdn.jsdelivr.net' rel='preconnect'/>
<link href='//cdn.rawgit.com' rel='preconnect'/>
<link href='//cdn.staticaly.com' rel='preconnect'/>
<link href='//cse.google.com' rel='preconnect'/>
<link href='//disqus.com' rel='preconnect'/>
<link href='//fontawesome.com' rel='preconnect'/>
<link href='//fonts.googleapis.com' rel='preconnect'/>
<link href='//googleads.g.doubleclick.net' rel='preconnect'/>
<link href='//github.com' rel='preconnect'/>
<link href='//lh1.googleusercontent.com' rel='preconnect'/>
<link href='//lh2.googleusercontent.com' rel='preconnect'/>
<link href='//lh3.googleusercontent.com' rel='preconnect'/>
<link href='//lh4.googleusercontent.com' rel='preconnect'/>
<link href='//maxcdn.bootstrapcdn.com' rel='preconnect'/>
<link href='//nisfanurfadilahrachmaniar.blogspot.com' rel='preconnect'/>
<link href='//pagead2.googlesyndication.com' rel='preconnect'/>
<link href='//partner.googleadservices.com' rel='preconnect'/>
<link href='//raw.githubusercontent.com' rel='preconnect'/>
<link href='//rawcdn.githack.com' rel='preconnect'/>
<link href='//resources.blogblog.com' rel='preconnect'/>
<link href='//tpc.googlesyndication.com' rel='preconnect'/>
<link href='//www.google-analytics.com' rel='preconnect'/>
<link href='//www.histats.com' rel='preconnect'/>
<link href='//www.google.com' rel='preconnect'/>
<link href='//www.googletagmanager.com' rel='preconnect'/>
<link href='//www.googletagservices.com' rel='preconnect'/>
<link href='//www.gstatic.com' rel='preconnect'/>
<link href='//www.sharethis.com' rel='preconnect'/>
  <b:comment><!-- Hreflang + Cannonical --></b:comment>
<link expr:href='data:view.url.canonical' hreflang='x-default' rel='alternate'/>
<link expr:href='data:view.url.canonical' expr:hreflang='data:blog.locale' rel='alternate'/>  
  <b:comment><!-- Meta Verification --></b:comment>
<meta content='Y3Q3ZGMrNmFlbXE4R3k0UDdlRTFNQT090' name='dmca-site-verification'/>
<meta content='cb53628e943649fa4559e034fb870ced' name='p:domain_verify'/>
<meta content='0E6AA47B7DA220D4553690F761B57D07' name='msvalidate.01'/>
<meta content='ef0b0daae493f1ba' name='yandex-verification'/>
<meta content='0aecd506155daa8b' name='yandex-verification'/>
<meta content='cm4y5j8sp9ksg4gvmqvw8ypyo9hzn9' name='facebook-domain-verification'/>
<meta content='767400950017070' property='fb:pages'/>
<meta content='Ox_A5-pux5b1Fm5WHHMcwlhrWI3937pDloPRFZ05MuM' name='google-site-verification'/>
<meta content='75294da2e753e49f6c57eeaecf11d121' name='propeller'/>
  <b:if cond='data:blog.url.canonical == data:blog.homepageUrl'>
<script type='application/ld+json'>
{&quot;@context&quot;: &quot;https://schema.org&quot;, &quot;@type&quot;: &quot;WebSite&quot;, &quot;url&quot;: &quot;<data:blog.homepageUrl/>&quot;, &quot;potentialAction&quot;: { &quot;@type&quot;: &quot;SearchAction&quot;, &quot;target&quot;: &quot;<data:blog.homepageUrl/>search?q={search_term}&quot;, &quot;query-input&quot;: &quot;required name=search_term&quot; } }</script> </b:if>
<b:comment><!-- all-head-content start --></b:comment>

<b:comment><!-- FACEBOOK OPEN GRAPH --></b:comment>
<meta expr:content='data:blog.title' property='og:site_name'/>
<meta content='website' property='og:type'/>
<meta content='https://www.facebook.com/akhmadsyahroni101' property='article:author'/>
<meta content='https://www.facebook.com/ninuraofficial' property='article:publisher'/>
<meta content='id_ID' property='og:locale'/>
<meta content='en_GB' property='og:locale:alternate'/>
<meta content='en_US' property='og:locale:alternate'/>
<meta content='1784293148453056' property='fb:app_id'/>
<meta content='100008820825263' property='fb:admins'/>
<meta content='100008820825263' property='fb:profile_id'/>
<meta content='767400950017070' property='fb:pages'/>
  
<b:comment><!-- TWITTER CARD --></b:comment>
<meta content='summary' name='twitter:card'/>
<meta expr:content='data:blog.pageName' name='twitter:title'/>
<meta content='@ninuraofficial' name='twitter:site'/>
<meta content='@ninuraofficial' name='twitter:creator'/>
<meta content='summary_large_image' name='twitter:card'/>

<b:comment><!-- all-head-content end --></b:comment>


<b:comment><!-- Title start --></b:comment>
<b:if cond='data:view.isPost'>
    <title><data:blog.pageName/> - <data:blog.title/></title> <b:comment><!-- title post --></b:comment>
<b:elseif cond='data:view.isPage'/>
    <title><data:blog.pageName/> - <data:blog.title/></title> <b:comment><!-- title page --></b:comment>
<b:elseif cond='data:view.isHomepage'/>
    <title><data:blog.pageTitle/></title> <b:comment><!-- title homepage --></b:comment>
<b:elseif cond='data:view.isArchive'/>
    <title><data:blog.pageName/> - <data:blog.title/></title> <b:comment><!-- title archive --></b:comment>
<b:elseif cond='data:view.isLabelSearch'/>
    <title><data:blog.pageName/> - <data:blog.title/></title> <b:comment><!-- title label --></b:comment>
<b:elseif cond='data:blog.pageName == &quot;&quot;'/>
    <title><data:messages.showAll/> - <data:blog.title/></title> <b:comment><!-- title all post --></b:comment>
<b:elseif cond='data:view.search.query'/>
    <title><data:blog.pageName/> - <data:blog.title/></title> <b:comment><!-- title search --></b:comment>
<b:elseif cond='data:view.isError'/>
    <title><data:messages.theresNothingHere/></title> <b:comment><!-- title error --></b:comment>
<b:else/>
    <title><data:blog.pageName/></title> <b:comment><!-- default title --></b:comment>
</b:if>
<b:comment><!-- Title end --></b:comment>

<b:comment><!-- Meta Robots start --></b:comment>
<b:if cond='data:view.isSearch or data:view.isArchive or data:view.search.query'>
    <meta content='noindex, noarchive' name='robots'/>
</b:if>
<b:comment><!-- Meta Robots end --></b:comment>

<b:comment><!-- Meta keywords start --></b:comment>
<b:if cond='data:view.isHomepage'>
    <meta expr:content='data:blog.title' name='keywords'/> 
<b:elseif cond='data:view.isSingleItem'/>
    <meta expr:content='data:blog.pageName' name='keywords'/>
</b:if>
<b:comment><!-- Meta keywords end --></b:comment>
    <b:skin version='1.3.0'><![CDATA[
      .clear {clear:both;}
      body{
        overflow-wrap:break-word;
        word-break:break-word;
        word-wrap:break-word;
        color:#000;
        background-color:#e9ebee;
        font:normal 400 14px/24px -apple-system,BlinkMacSystemFont, "Roboto", "Segoe UI", "Oxygen-Sans", "Ubuntu", "Cantarell", "Helvetica Neue", "Helvetica", Arial, sans-serif;
        user-select:none; -moz-user-select:none; -ms-user-select: none; -khtml-user-select: none; -webkit-user-select: none;
        margin:0px;
        padding:0px;
      }
      a {
        text-decoration:none !important;
        color:#365899;
        transition: all .5s ease;
      }
      a:hover{
        text-decoration:underline;
      }
      img {
        border:0px;
      }
      .snippet-thumbnail {
          float:left;
      margin-right:15px;
      }
      .snippet-thumbnail img {
        min-width:256px;
      }
      h1{
        font-size: 1.2em;
        font-weight:600;
        margin:.67em 0;
        line-height:initial;
      }
      h2{
        font-size:1.15em;
        font-weight:600;
        margin:.67em 0;
      }
      h1{
        font-size: 1.2em;
        font-weight:600;
        margin:.67em 0;
        line-height:initial;
      }
      h2{
        font-size:1.15em;
        font-weight:600;
        margin:.67em 0;
      }
      .post-outer, .widget-content {
        background: #fff;
        padding: 12px;
        margin: 0px 0px 10px;
        border: 1px solid #e5e5e5;
        border-radius: 3px;
      }
      .post-outer:first-child {
        margin-top: 0px;
      }
      #HTML3 .widget-content, #HTML4 .widget-content {
        background:transparent;
        padding:0px;
        border:0px;
      }
      .post-body {
        margin-right:12px;
		display:flex;
      }
      .post-body.single {
		display:block;
      }
      .post-body img {
      	max-width:100%;
      	display:block;
      	margin:auto;
      }
	  .post-body .post-title {
        font-size:1.2em;
        font-weight:600;
        text-align:left;
        margin:0px;
        vertical-align:top;
      }
      .post-body.single .post-title {
        border-bottom:5px dotted #e5e5e5;
		padding-bottom:12px;
		margin:0px 0px 12px;
      }
      .snippet-thumbnail a {
        display:block;
      }
      .igloshare {
        display:block;
        color:#fff;
        background-color:#4267b2;
        margin-top:20px;
        border-radius:3px;
        font-size:20px;
        letter-spacing:1px;
        font-weight:400;
      }
      .igloshare:before {
        content:'';
        background:rgba(0,0,0,0.25) url("data:image/svg+xml,%3Csvg viewBox='0 0 24 24' xmlns='http://www.w3.org/2000/svg'%3E%3Cpath d='M17,2V2H17V6H15C14.31,6 14,6.81 14,7.5V10H14L17,10V14H14V22H10V14H7V10H10V6A4,4 0 0,1 14,2H17Z' fill='%23fff'/%3E%3C/svg%3E") no-repeat 10px center;
        width:45px;
        height:45px;
        display: inline-block;
        vertical-align:-15px;
        background-size: 25px 25px;
        margin-right:15px;
      }
      #blog-pager a.home-link {display:none}
      #blog-pager {padding:0;margin:0px auto; text-align:center;}
      #blog-pager-older-link {float:none; display:block}
      #blog-pager-older-link img {max-height:50px}
      #blog-pager-older-link a {background:#365899; color:#fff; font-size:14px; font-weight:600; border-radius:3px; padding:10px 20px; display:inline-block; position:relative; transition:0.3s}
      #blog-pager-older-link a:hover {background:#2196f3}
      #Header1 {
        color:#fff;
        display: block;
        background-color: #4267b2;
        padding: 3px 15px;
        margin: auto;
        line-height:1em;
      }
      .header-widget a {
        color:#fff
      }
      #Header1 .replaced h1 {
        display:none
      }
      .deskripsi {
        font-style: italic;
        color: #ccc;
        margin-bottom: 10px;
        display: block;
        line-height: initial;
        font-size: 12px;
      }
      #BlogSearch1 {
        margin:0px 12px;
      }
      .search {
        background: transparent url("data:image/svg+xml,%3Csvg viewBox='0 0 24 24' xmlns='http://www.w3.org/2000/svg'%3E%3Cpath d='M9.5,3A6.5,6.5 0 0,1 16,9.5C16,11.11 15.41,12.59 14.44,13.73L14.71,14H15.5L20.5,19L19,20.5L14,15.5V14.71L13.73,14.44C12.59,15.41 11.11,16 9.5,16A6.5,6.5 0 0,1 3,9.5A6.5,6.5 0 0,1 9.5,3M9.5,5C7,5 5,7 5,9.5C5,12 7,14 9.5,14C12,14 14,12 14,9.5C14,7 12,5 9.5,5Z' fill='%234267b2'/%3E%3C/svg%3E") no-repeat left center;
        padding:6px 0px 6px 40px;
        background-size:30px 30px;
        border-bottom:1px solid #4267b2;
      }
      .search input {
      background-color:transparent;
        font-size:14px;
        line-height:24px;
        border:0px;
        outline:0px;
        width:calc(100% - 60px);
      }
      .search:after {
        content: 'CARI';
        text-align: right;
        position: relative;
        bottom:0px;
        float: right;
        color:#4267b2;
        font-weight:600;
      }
      #HTML1 {
        visibility:hidden;
        opacity:0;
        white-space:nowrap;
        height: 0px;
        overflow:hidden;
      }
      #HTML2 {
        text-align: center;
        right: 0px;
        left: 0px;
        display:block;
        position:relative;
      }
      #HTML2 .widget-content, #BlogSearch1 .widget-content {
        background:transparent;
        padding:0px;
        border:0px;
        border-radius:0px;
      }
      main {
        max-width: 640px;
        margin: auto;
		padding:0px 10px;
        position: relative;
        left: 0px;
        right: 0px;
      }
      footer {
        color: #fff;
        display: block;
        background-color: #4267b2;
        padding: 12px;
        margin-top: 15px;
        line-height: 1em;
        text-align: right;
      }
      .igloads-atas{
        display:block;
        margin-bottom:10px;
        padding:0px;
      }
      .igloads-bawah{
        display:block;
        margin-top:10px;
        padding:0px;
      }
      .post-body pre {
        background-color: #292E34;
        border-left: 5px solid #008c5f;
        padding:0; margin:.5em auto;
      }
      .post-body pre code {
        color: #BFBF90;
        font-size: 12px;
        max-height:250px; line-height:1.5em; display:block; background:none; border:none; padding:10px 15px; font-family:'source code pro',menlo,consolas,monaco,monospace; white-space:pre-wrap; overflow:auto; user-select:text; -webkit-user-select:text; -khtml-user-select:text; -moz-user-select:text; -ms-user-select:text; user-select:text
      }
      button {
		display:block;
        color:#fff;
        background-color:#4267b2;
        border-radius:3px;
        letter-spacing:1px;
        font-weight:400;
		padding:3px 10px;
		border:0px;
      }
	  button a {
		color:#fff;
	  }
      nav {
        color: #fff;
        display: block;
        background-color: #4267b2;
        padding: 12px;
        margin-bottom: 15px;
        line-height: 1em;
        text-align: left;
      }
      nav a {
        color:#fff
      }
      .ignielMiddleAds {
        border: 0px;
        margin: 10px 0px;
        padding: 0px;
        background: transparent;
        border-radius: 0px;
      }
      #PageList1 h3 {display:none}
      #PageList1 .widget-content {background-color:#365899; color:#fff;}
      #PageList1 .widget-content a {color:#fff;}
      #PageList1 ul {margin:0px; padding:0px;}
      #PageList1 ul li {display:inline-block; margin-right:20px;}
      @media screen and (max-width:480px){
        .post-body {
          display:block;
		  margin-right:0px;
        }
		.snippet-thumbnail {
		  margin-right:0px;
		  margin-bottom:10px;
		}
		footer {
		  text-align:center;
		}
		#blog-pager-older-link a {
		  display:block;
		}
      }

      /* Related Post List by igniel.com */
      #ignielRelatedList{
        display:block;
        margin:20px 0px;
        line-height:1.25em;
      }
      #ignielRelatedList h3.title{
        font-size:16px;
        font-weight:600;
        text-align:center;
        text-transform:uppercase;
        line-height:initial;
      }
      #ignielRelatedList h3.title span, #ignielRelatedList h3.title span a{
        background-color:#fff;
        color:#000;
        padding:0px 15px;
        position:relative;
        z-index:1;
      }
      #ignielRelatedList h3.title:before{
        content: '';
        display: block;
        position: relative;
        top:10px;
        width: 100%;
        border-top: 2px solid #cccccc;
      }
      #ignielRelatedList ul{
        margin:20px 0px 0px;
        padding:0px;
      }
      #ignielRelatedList ul li{
        list-style:none;
        margin-bottom:15px;
        padding-bottom:15px;
        border-bottom:1px solid #ccc;
        -webkit-margin-start:0px !important;
        display:inline-block;
        width:100%;
        clear:both;
      }
      #ignielRelatedList ul li:last-child{
        border:0px;
        padding:0px;
      }
      #ignielRelatedList ul li .thumb{
        overflow:hidden;
        line-height:0px;
        border-radius:7px;
        float:left;
        margin-right:15px;
      }
      #ignielRelatedList ul li a{
        display:block;
      }
      #ignielRelatedList ul li a.judul{
        color:#365899; /* Warna Huruf */
        font-weight:600;
        font-size:16px;
        overflow:hidden;
        line-height:1.25em;
      }
      #ignielRelatedList ul li .snippet{
        color:#444;
        font-size:13px;
        overflow:hidden;
        margin:7px 0px 0px;
        padding:0px;
      }
      #ignielRelatedList ul li a.judul:hover, #ignielRelatedList ul li:hover a.judul{
        color:#2196f3; /* Warna Huruf Ketika Disorot */
      }
      #ignielRelatedList ul li a img{
        width:120px;
        height:90px;
        transition:all .3s ease;
        border:0px;
        margin:0px;
      }
      #ignielRelatedList ul li a img:hover, #ignielRelatedList ul li:hover img{
        transform:scale(1.1) rotate(-5deg);
        filter: brightness(75%);
        -webkit-filter: brightness(75%);
      }
      #ignielRelatedList .norelated{
        text-align:center;
        font-weight:600;
      }
      @media screen and (max-width:480px){
        #ignielRelatedList ul li a.judul{
          font-size:14px;
        }
        #ignielRelatedList ul li .snippet{
          font-size:12px;
        }
      }
    ]]></b:skin>
    <b:template-skin> <![CDATA[
      body#layout #HTML1 {
        visibility: visible;
        opacity: 1;
        height: auto;
        overflow: unset;
      }
      body#layout #HTML1 .widget-content {
        background-color:#9dd6ff;
      }
	  body#layout #HTML5 .widget-content {
        background-color:#ec9dff;
      }
    ]]> </b:template-skin>
  &lt;!--</head>--&gt;&lt;/head&gt;
  &lt;!--<body>--&gt;&lt;body&gt;
  <header role='banner'>
    <b:section class='container' id='header' name='Header' showaddelement='false'>
      <b:widget id='Header1' locked='true' title='IGLO V2 (Header)' type='Header' version='2' visible='true'>
        <b:widget-settings>
          <b:widget-setting name='displayUrl'/>
          <b:widget-setting name='displayHeight'>0</b:widget-setting>
          <b:widget-setting name='sectionWidth'>-1</b:widget-setting>
          <b:widget-setting name='useImage'>false</b:widget-setting>
          <b:widget-setting name='shrinkToFit'>false</b:widget-setting>
          <b:widget-setting name='imagePlacement'>BEHIND</b:widget-setting>
          <b:widget-setting name='displayWidth'>0</b:widget-setting>
        </b:widget-settings>
        <b:includable id='main' var='this'>
          <div class='header-widget'>
            <b:include cond='data:imagePlacement in {&quot;REPLACE&quot;, &quot;BEFORE_DESCRIPTION&quot;}' name='image'/>
            <b:include cond='data:imagePlacement not in {&quot;REPLACE&quot;, &quot;BEFORE_DESCRIPTION&quot;}' name='title'/>
            <b:include cond='data:imagePlacement != &quot;REPLACE&quot;' name='description'/>
          </div>
          <b:include cond='data:imagePlacement == &quot;BEHIND&quot;' name='behindImageStyle'/>
        </b:includable>
        <b:includable id='behindImageStyle'>
          <b:if cond='data:sourceUrl'>
            <b:include cond='data:this.image' data='{                    image: data:this.image,                    selector: &quot;.header-widget&quot;                  }' name='responsiveImageStyle'/>
            <style type='text/css'>
              .header-widget {
                background-position: <data:blog.locale.languageAlignment/>;
                background-repeat: no-repeat;
              }
            </style>
          </b:if>
        </b:includable>
        <b:includable id='description'>
          <span class='deskripsi'>
            <data:this.description/>
          </span>
        </b:includable>
        <b:includable id='image'>
          <b:include name='super.image'/>
          <b:comment>If we are replacing the title, force it to render anyway, and it&#39;ll be hidden in CSS.</b:comment>
          <b:include cond='data:this.imagePlacement == &quot;REPLACE&quot;' name='title'/>
        </b:includable>
        <b:includable id='title'>
          <div>
            <b:class cond='data:this.imagePlacement == &quot;REPLACE&quot;' name='replaced'/>
            <b:include name='super.title'/>
          </div>
        </b:includable>
      </b:widget>
      <b:widget id='BlogSearch1' locked='true' title='Search This Blog' type='BlogSearch' version='2' visible='true'>
        <b:includable id='main'>
  <b:include name='widget-title'/>
  <b:include name='content'/>
</b:includable>
        <b:includable id='content'>
  <div class='widget-content' role='search'>
    <b:include name='searchForm'/>
  </div>
</b:includable>
        <b:includable id='searchForm'>
          <form expr:action='data:blog.searchUrl'>
            <div class='search'>
              <input aria-label='Ketik dan Enter' autocomplete='off' expr:value='data:view.isSearch ? data:view.search.query.escaped : &quot;&quot;' name='q' placeholder='Ketik dan Enter'/>
            </div>
          </form>
        </b:includable>
        <b:includable id='searchSubmit'>
  <input class='search-action' expr:value='data:messages.search.escaped' type='submit'/>
</b:includable>
        <b:includable id='widget-title'><b:comment>Don&#39;t show feed links.</b:comment></b:includable>
      </b:widget>
    </b:section>
  </header>
  <main role='main'>
    <b:section id='utama' name='Body Utama'>
      <b:widget id='HTML2' locked='true' title='Iklan 336x280' type='HTML' version='2' visible='true'>
        <b:widget-settings>
          <b:widget-setting name='content'><![CDATA[<img src="https://1.bp.blogspot.com/-VSVsz8UdCR0/W6j0MvVQ9pI/AAAAAAAAGaI/Xc8MP5PWJ9QlPNYqBzOaeQc5yoiUfJDIACPcBGAYYCw/s320-rw/IGLO-336x280.png" title="IGLO Blogger Template for FB Ads to AdSense" alt="IGLO Blogger Template for FB Ads to AdSense" style="border:1px solid #e5e5e5"/>]]></b:widget-setting>
        </b:widget-settings>
        <b:includable id='main'>
          <b:if cond='!data:view.isSearch'>
            <div class='widget-content'>
              <data:content/>
            </div>
          </b:if>
        </b:includable>
      </b:widget>
      <b:widget id='HTML1' locked='true' title='HPK' type='HTML' version='2' visible='true'>
        <b:widget-settings>
          <b:widget-setting name='content'>mesothelioma survival rates,structured settlement annuity companies,mesothelioma attorneys california,structured settlements annuities,structured settlement buyer,mesothelioma suit,mesothelioma claim,small business administration sba,structured settlement purchasers,wisconsin mesothelioma attorney,houston tx auto insurance,mesotheliama,mesothelioma lawyer virginia,seattle mesothelioma lawyer,selling my structured settlement,mesothelioma attorney illinois,selling annuity,mesothelioma trial attorney,injury lawyer houston tx,baltimore mesothelioma attorneys,mesothelioma care,mesothelioma lawyer texas,structered settlement,houston motorcycle accident lawyer,p0135 honda civic 2004,structured settlement investments,mesothelioma lawyer dallas,caraccidentlawyer,structured settlemen,houston mesothelioma attorney,structured settlement sell,new york mesothelioma law firm,cash out structured settlement,mesothelioma lawyer chicago,lawsuit mesothelioma,truck accident attorney los angeles,asbestos exposure lawyers,mesothelioma cases,emergency response plan ppt,support.peachtree.com,structured settlement quote,semi truck accident lawyers,auto accident attorney Torrance,mesothelioma lawyer asbestos cancer lawsuit,mesothelioma lawyers san diego,asbestos mesothelioma lawsuit,buying structured settlements,mesothelioma attorney assistance,tennessee mesothelioma lawyer,earthlink business internet,meso lawyer,tucson car accident attorney,accident attorney orange county,mesothelioma litigation,mesothelioma settlements amounts,mesothelioma law firms,new mexico mesothelioma lawyer,accident attorneys orange county,mesothelioma lawsuit,personal injury accident lawyer,purchase structured settlements,firm law mesothelioma,car accident lawyers los angeles,mesothelioma attorneys,structured settlement company,auto accident lawyer san francisco,mesotheolima,los angeles motorcycle accident lawyer,mesothelioma attorney florida,broward county dui lawyer,state of california car insurance,selling a structured settlement,best accident attorneys,accident attorney san bernardino,mesothelioma ct,hughes net business,california motorcycle accident lawyer,mesothelioma help,washington mesothelioma attorney,best mesothelioma lawyers,diagnosed with mesothelioma,motorcycle accident attorney chicago,structured settlement need cash now,mesothelioma settlement amounts,motorcycle accident attorney sacramento,alcohol rehab center in florida,fast cash for house,car accident lawyer michigan,maritime lawyer houston,mesothelioma personal injury lawyers,personal injury attorney ocala fl,business voice mail service,california mesothelioma attorney,offshore accident lawyer,buy structured settlements,philadelphia mesothelioma lawyer,selling structured settlement,workplace accident attorney,illinois mesothelioma lawyer</b:widget-setting>
        </b:widget-settings>
        <b:includable id='main'>
          <b:include name='widget-title'/>
          <div class='widget-content'>
            <data:content/>
          </div>
        </b:includable>
      </b:widget>
      <b:widget id='PageList1' locked='true' title='Menu Navigasi' type='PageList' visible='true'>
        <b:widget-settings>
          <b:widget-setting name='pageListJson'><![CDATA[{'home': {'href': 'https://iglov3.blogspot.com/', 'title': 'Home', 'position': 0}, 'link0': {'href': 'https://iglotheme.blogspot.com', 'title': 'Download Template', 'position': 1}}]]></b:widget-setting>
          <b:widget-setting name='homeTitle'>Home</b:widget-setting>
        </b:widget-settings>
        <b:includable id='main'>
  <b:include name='widget-title'/>
  <b:include name='content'/>
</b:includable>
        <b:includable id='content'>
  <div class='widget-content'>
    <b:include name='pageList'/>
  </div>
</b:includable>
        <b:includable id='overflowButton'>
  <b:include name='verticalMoreIcon'/>
</b:includable>
        <b:includable id='overflowablePageList'>
  <div class='overflowable-container'>
    <div class='overflowable-contents'>
      <div class='container'>
        <b:with value='true' var='overflow'>
        <b:with value='&quot;tabs&quot;' var='pageListClass'>
          <b:include name='pageList'/>
        </b:with>
        </b:with>
      </div>
    </div>
    <div class='overflow-button hidden'>
      <b:include name='overflowButton'/>
    </div>
  </div>
</b:includable>
        <b:includable id='pageLink'>
  <li>
    <b:class cond='data:overflow' name='overflowable-item'/>
    <b:class cond='data:link.isCurrentPage' name='selected'/>

    <a expr:href='data:link.href'><data:link.title/></a>
  </li>
</b:includable>
        <b:includable id='pageList'>
  <ul>
    <b:class cond='data:pageListClass' expr:name='data:pageListClass'/>
    <b:loop values='data:links' var='link'>
      <b:include name='pageLink'/>
    </b:loop>
  </ul>
</b:includable>
      </b:widget>
      <b:widget id='Blog1' locked='true' title='Blog Posts' type='Blog' version='2' visible='true'>
        <b:widget-settings>
          <b:widget-setting name='showDateHeader'>false</b:widget-setting>
          <b:widget-setting name='style.textcolor'>#000000</b:widget-setting>
          <b:widget-setting name='showShareButtons'>false</b:widget-setting>
          <b:widget-setting name='showCommentLink'>false</b:widget-setting>
          <b:widget-setting name='style.urlcolor'>#008000</b:widget-setting>
          <b:widget-setting name='showAuthor'>false</b:widget-setting>
          <b:widget-setting name='disableGooglePlusShare'>true</b:widget-setting>
          <b:widget-setting name='style.linkcolor'>#0000ff</b:widget-setting>
          <b:widget-setting name='style.unittype'>TextAndImage</b:widget-setting>
          <b:widget-setting name='style.bgcolor'>#ffffff</b:widget-setting>
          <b:widget-setting name='timestampLabel'>-</b:widget-setting>
          <b:widget-setting name='reactionsLabel'/>
          <b:widget-setting name='showAuthorProfile'>false</b:widget-setting>
          <b:widget-setting name='style.layout'>1x1</b:widget-setting>
          <b:widget-setting name='showLabels'>false</b:widget-setting>
          <b:widget-setting name='showLocation'>false</b:widget-setting>
          <b:widget-setting name='postLabelsLabel'/>
          <b:widget-setting name='showTimestamp'>false</b:widget-setting>
          <b:widget-setting name='postsPerAd'>1</b:widget-setting>
          <b:widget-setting name='showBacklinks'>false</b:widget-setting>
          <b:widget-setting name='style.bordercolor'>#ffffff</b:widget-setting>
          <b:widget-setting name='showInlineAds'>false</b:widget-setting>
          <b:widget-setting name='showReactions'>false</b:widget-setting>
        </b:widget-settings>
        <b:includable id='main' var='this'>
          <div class='blog-posts hfeed container'>
            <b:loop index='i' values='data:posts' var='post'>
              <b:include data='post' name='postComments'/>
            </b:loop>
          </div>
  <b:include name='postPagination'/>
  <b:include name='feedLinks'/>
</b:includable>
        <b:includable id='aboutPostAuthor'>
  <div class='author-name'>
    <a class='g-profile' expr:href='data:post.author.profileUrl' rel='author' title='author profile'>
      <span>
        <data:post.author.name/>
      </span>
    </a>
  </div>
  <div>
    <span class='author-desc'>
      <data:post.author.aboutMe/>
    </span>
  </div>
</b:includable>
        <b:includable id='addComments'>
  <a expr:href='data:post.commentsUrl' expr:onclick='data:post.commentsUrlOnclick'>
    <b:message name='messages.postAComment'/>
  </a>
</b:includable>
        <b:includable id='blogThisShare'>
  <b:with value='&quot;window.open(this.href, \&quot;_blank\&quot;, \&quot;height=270,width=475\&quot;); return false;&quot;' var='onclick'>
    <b:include name='platformShare'/>
  </b:with>
</b:includable>
        <b:includable id='bylineByName' var='byline'>
  <b:switch var='data:byline.name'>
  <b:case value='share'/>
    <b:include cond='data:post.shareUrl' name='postShareButtons'/>
  <b:case value='comments'/>
    <b:include cond='data:post.allowComments' name='postCommentsLink'/>
  <b:case value='location'/>
    <b:include cond='data:post.location' name='postLocation'/>
  <b:case value='timestamp'/>
    <b:include cond='not data:view.isPage' name='postTimestamp'/>
  <b:case value='author'/>
    <b:include name='postAuthor'/>
  <b:case value='labels'/>
    <b:include cond='data:post.labels' name='postLabels'/>
  <b:case value='icons'/>
    <b:include cond='data:post.emailPostUrl' name='emailPostIcon'/>
  </b:switch>
</b:includable>
        <b:includable id='bylineRegion' var='regionItems'>
  <b:loop values='data:regionItems' var='byline'>
    <b:include data='byline' name='bylineByName'/>
  </b:loop>
</b:includable>
        <b:includable id='commentAuthorAvatar'>
  <div class='avatar-image-container'>
    <img class='author-avatar' expr:src='data:comment.authorAvatarSrc' height='35' width='35'/>
  </div>
</b:includable>
        <b:includable id='commentDeleteIcon' var='comment'>
  <span expr:class='&quot;item-control &quot; + data:comment.adminClass'>
    <b:if cond='data:showCmtPopup'>
      <div class='goog-toggle-button'>
        <div class='goog-inline-block comment-action-icon'/>
      </div>
    <b:else/>
      <a class='comment-delete' expr:href='data:comment.deleteUrl' expr:title='data:messages.deleteComment'>
        <img src='https://resources.blogblog.com/img/icon_delete13.gif'/>
      </a>
    </b:if>
  </span>
</b:includable>
        <b:includable id='commentForm' var='post'>
  <div class='comment-form'>
    <a name='comment-form'/>
    <h4 id='comment-post-message'><data:messages.postAComment/></h4>
    <b:if cond='data:this.messages.blogComment != &quot;&quot;'>
      <p><data:this.messages.blogComment/></p>
    </b:if>
    <b:include data='post' name='commentFormIframeSrc'/>
    <iframe allowtransparency='allowtransparency' class='blogger-iframe-colorize blogger-comment-from-post' expr:height='data:cmtIframeInitialHeight ?: &quot;90px&quot;' frameborder='0' id='comment-editor' name='comment-editor' src='' width='100%'/>
    <data:post.cmtfpIframe/>
    <script type='text/javascript'>
      BLOG_CMT_createIframe(&#39;<data:post.appRpcRelayPath/>&#39;);
    </script>
  </div>
</b:includable>
        <b:includable id='commentFormIframeSrc' var='post'>
  <a expr:href='data:post.commentFormIframeSrc' id='comment-editor-src'/>
</b:includable>
        <b:includable id='commentItem' var='comment'>
  <div class='comment' expr:id='&quot;c&quot; + data:comment.id'>
    <b:include cond='data:blog.enabledCommentProfileImages' name='commentAuthorAvatar'/>

    <div class='comment-block'>
      <div class='comment-author'>
        <b:if cond='data:comment.authorUrl'>
          <b:message name='messages.authorSaidWithLink'>
            <b:param expr:value='data:comment.author' name='authorName'/>
            <b:param expr:value='data:comment.authorUrl' name='authorUrl'/>
          </b:message>
        <b:else/>
          <b:message name='messages.authorSaid'>
            <b:param expr:value='data:comment.author' name='authorName'/>
          </b:message>
        </b:if>
      </div>
      <div expr:class='&quot;comment-body&quot; + (data:comment.isDeleted ? &quot; deleted&quot; : &quot;&quot;)'>
        <data:comment.body/>
      </div>
      <div class='comment-footer'>
        <span class='comment-timestamp'>
          <a expr:href='data:comment.url' title='comment permalink'>
            <data:comment.timestamp/>
          </a>
          <b:include data='comment' name='commentDeleteIcon'/>
        </span>
      </div>
    </div>
  </div>
</b:includable>
        <b:includable id='commentList' var='comments'>
  <div id='comments-block'>
    <b:loop values='data:comments' var='comment'>
      <b:include data='comment' name='commentItem'/>
    </b:loop>
  </div>
</b:includable>
        <b:includable id='commentPicker' var='post'>
  <b:if cond='data:post.commentSource == 1'>
    <b:include data='post' name='iframeComments'/>
  <b:elseif cond='data:post.showThreadedComments'/>
    <b:include data='post' name='threadedComments'/>
  <b:else/>
    <b:include data='post' name='comments'/>
  </b:if>
</b:includable>
        <b:includable id='comments' var='post'>
  <section expr:class='&quot;comments&quot; + (data:post.embedCommentForm ? &quot; embed&quot; : &quot;&quot;)' expr:data-num-comments='data:post.numberOfComments' id='comments'>
    <a name='comments'/>
    <b:if cond='data:post.allowComments'>

      <b:include name='commentsTitle'/>

      <div expr:id='data:widget.instanceId + &quot;_comments-block-wrapper&quot;'>
        <b:include cond='data:post.comments' data='post.comments' name='commentList'/>
      </div>

      <b:if cond='data:post.commentPagingRequired'>
        <div class='paging-control-container'>
          <b:if cond='data:post.hasOlderLinks'>
            <a expr:class='data:post.oldLinkClass' expr:href='data:post.oldestLinkUrl'>
              <data:messages.oldest/>
            </a>
            <a expr:class='data:post.oldLinkClass' expr:href='data:post.olderLinkUrl'>
              <data:messages.older/>
            </a>
          </b:if>

          <span class='comment-range-text'>
            <data:post.commentRangeText/>
          </span>

          <b:if cond='data:post.hasNewerLinks'>
            <a expr:class='data:post.newLinkClass' expr:href='data:post.newerLinkUrl'>
              <data:messages.newer/>
            </a>
            <a expr:class='data:post.newLinkClass' expr:href='data:post.newestLinkUrl'>
              <data:messages.newest/>
            </a>
          </b:if>
        </div>
      </b:if>

      <div class='footer'>
        <b:if cond='data:post.embedCommentForm'>
          <b:if cond='data:post.allowNewComments'>
            <b:include data='post' name='commentForm'/>
          <b:else/>
            <data:post.noNewCommentsText/>
          </b:if>
        <b:else/>
          <b:if cond='data:post.allowComments'>
            <b:include data='post' name='addComments'/>
          </b:if>
        </b:if>
      </div>
    </b:if>
    <b:if cond='data:showCmtPopup'>
      <div id='comment-popup'>
        <iframe allowtransparency='allowtransparency' frameborder='0' id='comment-actions' name='comment-actions' scrolling='no'>
        </iframe>
      </div>
    </b:if>
  </section>
</b:includable>
        <b:includable id='commentsLink'>
  <a class='comment-link' expr:href='data:post.commentsUrl' expr:onclick='data:post.commentsUrlOnclick'>
    <b:if cond='data:post.numberOfComments &gt; 0'>
      <b:message name='messages.numberOfComments'>
        <b:param expr:value='data:post.numberOfComments' name='numComments'/>
      </b:message>
    <b:else/>
      <data:messages.postAComment/>
    </b:if>
  </a>
</b:includable>
        <b:includable id='commentsLinkIframe'>
  <!-- G+ comments, no longer available. The includable is retained for backwards-compatibility. -->
</b:includable>
        <b:includable id='commentsTitle'>
  <h3 class='title'><data:messages.comments/></h3>
</b:includable>
        <b:includable id='defaultAdUnit'>
  <ins class='adsbygoogle' data-ad-format='auto' expr:data-ad-client='data:adClientId ?: data:blog.adsenseClientId' expr:data-ad-host='data:blog.adsenseHostId' expr:data-analytics-uacct='data:blog.analyticsAccountNumber' expr:style='data:style ?: &quot;display: block;&quot;'/>
  <script>
   (adsbygoogle = window.adsbygoogle || []).push({});
  </script>
</b:includable>
        <b:includable id='emailPostIcon'>
  <span class='byline post-icons'>
    <!-- email post links -->
    <span class='item-action'>
      <a expr:href='data:post.emailPostUrl' expr:title='data:messages.emailPost'>
        <b:include data='{ iconClass: &quot;touch-icon sharing-icon&quot; }' name='emailIcon'/>
      </a>
    </span>
  </span>
</b:includable>
        <b:includable id='facebookShare'>
  <b:with value='&quot;window.open(this.href, \&quot;_blank\&quot;, \&quot;height=430,width=640\&quot;); return false;&quot;' var='onclick'>
    <b:include name='platformShare'/>
  </b:with>
</b:includable>
        <b:includable id='feedLinks'>
          <b:comment>Don&#39;t show feed links.</b:comment>
        </b:includable>
        <b:includable id='feedLinksBody' var='links'>
  <div class='feed-links'>
  <data:messages.subscribeTo/>
  <b:loop values='data:links' var='f'>
     <a class='feed-link' expr:href='data:f.url' expr:type='data:f.mimeType' target='_blank'><data:f.name/> (<data:f.feedType/>)</a>
  </b:loop>
  </div>
</b:includable>
        <b:includable id='footerBylines'>
  <b:if cond='data:widgets.Blog.first.footerBylines'>
    <b:loop index='i' values='data:widgets.Blog.first.footerBylines' var='region'>
      <b:if cond='not data:region.items.empty'>
        <div expr:class='&quot;post-footer-line post-footer-line-&quot; + (data:i + 1)'>
          <b:with value='&quot;footer-&quot; + (data:i + 1)' var='regionName'>
            <b:include data='region.items' name='bylineRegion'/>
          </b:with>
        </div>
      </b:if>
    </b:loop>
  </b:if>
</b:includable>
        <b:includable id='googlePlusShare'>
  <div class='goog-inline-block google-plus-share-container'>
    <g:plusone annotation='inline' expr:href='data:originalUrl.canonical.http' size='medium' source='blogger:blog:plusone'/>
  </div>
</b:includable>
        <b:includable id='headerByline'>
  <b:if cond='data:widgets.Blog.first.headerByline'>
    <div class='post-header'>
      <div class='post-header-line-1'>
        <b:with value='&quot;header-1&quot;' var='regionName'>
          <b:include data='data:widgets.Blog.first.headerByline.items' name='bylineRegion'/>
        </b:with>
      </div>
    </div>
  </b:if>
</b:includable>
        <b:includable id='homePageLink'><b:comment>Don&#39;t show</b:comment></b:includable>
        <b:includable id='iframeComments' var='post'>
  <b:if cond='data:post.allowIframeComments'>
    <script expr:src='data:post.iframeCommentSrc' type='text/javascript'/>
    <div class='cmt_iframe_holder' expr:data-href='data:post.url.canonical' expr:data-viewtype='data:post.viewType'/>

    <b:if cond='!data:post.embedCommentForm'>
      <b:include data='post' name='commentsLink'/>
    </b:if>
  </b:if>
</b:includable>
        <b:includable id='inlineAd' var='post'>
  <b:if cond='!data:view.isPreview'>
    <b:if cond='data:this.adCode or data:this.adClientId or data:blog.adsenseClientId'>
      <!-- Ad -->
      <div class='inline-ad'>
        <b:if cond='data:this.adCode != &quot;&quot;'>
          <data:this.adCode/>
        <b:else/>
          <b:include cond='data:this.adClientId or data:blog.adsenseClientId' name='defaultAdUnit'/>
        </b:if>
      </div>
    </b:if>
  <b:else/>
    <div class='inline-ad'>
      <div class='inline-ad-placeholder'>
        <span><b:message name='messages.adsGoHere'/></span>
      </div>
    </div>
  </b:if>
</b:includable>
        <b:includable id='linkShare'>
  <b:with value='&quot;window.prompt(\&quot;Copy to clipboard: Ctrl+C, Enter\&quot;, \&quot;&quot; + data:originalUrl + &quot;\&quot;); return false;&quot;' var='onclick'>
    <b:include name='platformShare'/>
  </b:with>
</b:includable>
        <b:includable id='manageComments'>
  <a expr:href='data:post.manageCommentsUrl' expr:onclick='data:post.manageCommentsUrlOnclick'>
    <b:message name='messages.manageComments'/>
  </a>
</b:includable>
        <b:includable id='nextPageLink'>
  <a class='blog-pager-older-link' expr:href='data:olderPageUrl' expr:id='data:widget.instanceId + &quot;_blog-pager-older-link&quot;' expr:title='data:messages.olderPosts'>
    <data:messages.olderPosts/>
  </a>
</b:includable>
        <b:includable id='otherSharingButton'>
  <span class='sharing-platform-button sharing-element-other' expr:aria-label='data:messages.shareToOtherApps.escaped' expr:data-url='data:originalUrl' expr:title='data:messages.shareToOtherApps.escaped' role='menuitem' tabindex='-1'>
    <b:with value='{key: &quot;sharingOther&quot;}' var='platform'>
      <b:include name='sharingPlatformIcon'/>
    </b:with>
    <span class='platform-sharing-text'><data:messages.shareOtherApps.escaped/></span>
  </span>
</b:includable>
        <b:includable id='platformShare'>
  <a expr:class='&quot;goog-inline-block sharing-&quot; + data:platform.key' expr:data-url='data:originalUrl' expr:href='data:shareUrl + &quot;&amp;target=&quot; + data:platform.target' expr:onclick='data:onclick ? data:onclick : &quot;&quot;' expr:title='data:platform.shareMessage' target='_blank'>
    <span class='share-button-link-text'>
      <data:platform.shareMessage/>
    </span>
  </a>
</b:includable>
        <b:includable id='post' var='post'>
          <b:include data='post' name='postMeta'/>
          <b:include name='headerByline'/>
          <b:if cond='data:view.isSingleItem'>
            <b:include data='post' name='postBody'/>
            <b:else/>
            <b:include data='post' name='postBodySnippet'/>
          </b:if>
        </b:includable>
        <b:includable id='postAuthor'>
  <span class='byline post-author vcard'>
    <span class='post-author-label'>
      <data:byline.label/>
    </span>
    <span class='fn'>
      <b:if cond='data:post.author.profileUrl'>
        <meta expr:content='data:post.author.profileUrl'/>
        <a class='g-profile' expr:href='data:post.author.profileUrl' rel='author' title='author profile'>
          <span><data:post.author.name/></span>
        </a>
      <b:else/>
        <span><data:post.author.name/></span>
      </b:if>
    </span>
  </span>
</b:includable>
        <b:includable id='postBody' var='post'>
          <div class='post-body entry-content single' expr:id='&quot;post-body-&quot; + data:post.id'>
            <b:include data='post' name='postTitle'/>
            <div class='igloads-atas'>
              <!-- Hapus semua kode berikut dan ganti dengan kode iklan -->
              <div style='color:#fff; background-color:#2196f3; padding:40px; font-size:20px; margin:auto; text-align:center;'>
                Kode Iklan Atas Artikel
              </div>
              <!-- hapus STOP -->
            </div>
            <data:post.body/>
            <div class='igloads-bawah'>
              <!-- Hapus semua kode berikut dan ganti dengan kode iklan -->
              <div style='color:#fff; background-color:#2196f3; padding:40px; font-size:20px; margin:auto; text-align:center;'>
                Kode Iklan Bawah Artikel
              </div>
              <!-- hapus STOP -->
            </div>
            <a class='igloshare' expr:data-text='data:post.title' expr:data-url='data:post.url' expr:href='&quot;https://www.facebook.com/sharer.php?u=&quot; + data:post.url' onclick='window.open(this.href,&quot;sharer&quot;,&quot;   toolbar=0,status=0,width=626,height=436&quot;);return false;' rel='nofollow' title='Share to Facebook'>
              Bagikan ke Facebook
            </a>
          </div>
<div class='clear'/>
<!-- Related Post List by igniel.com -->
<b:if cond='data:view.isPost'>
  <div id='ignielRelatedList'>
    <h3 class='title'><span><a href='https://www.ninura.com' target='_blank' title='Ninura'>Artikel</a> Terkait</span></h3>
    <script>//<![CDATA[
      // Related Post
var jumlah = 5;
var kata = 0;
eval(function(p,a,c,k,e,d){e=function(c){return(c<a?'':e(parseInt(c/a)))+((c=c%a)>35?String.fromCharCode(c+29):c.toString(36))};if(!''.replace(/^/,String)){while(c--){d[e(c)]=k[c]||e(c)}k=[function(e){return d[e]}];e=function(){return'\\w+'};c=1};while(c--){if(k[c]){p=p.replace(new RegExp('\\b'+e(c)+'\\b','g'),k[c])}}return p}('f a=["\\v","\\m\\K\\e\\g\\i","\\e\\d\\j\\B\\i\\M","\\w","\\g\\j\\A\\d\\2f\\1i\\T","\\m\\y\\V\\m\\i\\n\\g\\j\\B","","\\1t\\D\\g\\j","\\d\\j\\i\\n\\1q","\\T\\d\\d\\A","\\1O\\i","\\i\\g\\i\\e\\d","\\O\\D\\j\\i\\d\\j\\i","\\m\\y\\C\\C\\h\\n\\1q","\\C\\d\\A\\g\\h\\1O\\i\\M\\y\\C\\V\\j\\h\\g\\e","\\y\\n\\e","\\A\\h\\i\\h\\2c\\g\\C\\h\\B\\d\\E\\K\\j\\B\\2g\\V\\h\\m\\d\\1Q\\1M\\2w\\g\\1x\\1K\\1i\\1h\\1E\\1l\\2y\\2i\\B\\D\\b\\b\\b\\b\\1F\\1j\\1e\\M\\W\\1e\\B\\b\\b\\b\\b\\W\\b\\b\\b\\b\\1K\\S\\b\\1A\\b\\b\\b\\S\\X\\A\\1T\\2z\\d\\b\\b\\b\\b\\b\\2t\\1F\\S\\1j\\1x\\X\\1A\\S\\b\\1t\\V\\1M\\1e\\E\\B\\b\\b\\b\\b\\2m\\W\\e\\W\\X\\1x\\X\\1A\\C\\2n\\1i\\D\\n\\1Q\\2r\\1H\\b\\b\\1a\\2B\\b\\2p\\2q\\1u\\1i\\1N\\1D\\1r\\b\\b\\b\\b\\b\\W\\e\\1N\\1r\\1m\\1j\\y\\X\\C\\S\\S","\\e\\g\\j\\1m","\\n\\d\\e","\\h\\e\\i\\d\\n\\j\\h\\i\\d","\\M\\n\\d\\T","\\n\\h\\j\\A\\D\\C","\\T\\e\\D\\D\\n","\\1e\\1h\\1a","\\1I\\g\\B\\j\\g\\d\\e\\1h\\d\\e\\h\\i\\d\\A\\1a\\g\\m\\i","\\2l\\y\\d\\n\\1q\\1j\\d\\e\\d\\O\\i\\D\\n\\b\\e\\e","\\v\\e\\g\\w","\\v\\A\\g\\1u\\x\\O\\e\\h\\m\\m\\L\\p\\i\\M\\y\\C\\V\\p\\w\\v\\h\\x\\M\\n\\d\\T\\L\\p","\\p\\x\\i\\g\\i\\e\\d\\L\\p","\\p\\w\\v\\g\\C\\B\\x\\m\\n\\O\\L\\p","\\E\\1E\\1T\\1D\\1l\\1b\\M\\1Y\\1l\\1b\\K\\1b\\1m\\1b\\j\\D\\1b\\j\\y","\\n\\d\\K\\e\\h\\O\\d","\\p\\x\\h\\e\\i\\L\\p","\\p\\E\\w\\v\\E\\h\\w\\v\\E\\A\\g\\1u\\w","\\v\\h\\x\\M\\n\\d\\T\\L\\p","\\p\\x\\O\\e\\h\\m\\m\\L\\p\\1t\\y\\A\\y\\e\\p\\w","\\v\\E\\h\\w","\\v\\m\\K\\h\\j\\x\\O\\e\\h\\m\\m\\L\\p\\m\\j\\g\\K\\K\\d\\i\\p\\w","\\x\\1s\\1s\\1s\\x\\v\\E\\m\\K\\h\\j\\w","\\v\\E\\e\\g\\w","\\g\\j\\j\\d\\n\\1H\\1r\\2v\\1a","\\1I\\g\\B\\j\\g\\d\\e\\1h\\d\\e\\h\\i\\d\\A\\1a\\g\\m\\i\\x\\y\\e"];f Q=0,q=J I(),t=J I(),H=J I();F=J I();1g 1P(u,1c){f l=u[a[1]](a[0]);R(f o=0;o<l[a[2]];o++){z(l[o][a[4]](a[3])!=-1){l[o]=l[o][a[5]](l[o][a[4]](a[3])+1,l[o][a[2]])}};l=l[a[7]](a[6]);l=l[a[5]](0,1c-1);1z l}1g 2k(1c){R(f l=0;l<1c[a[9]][a[8]][a[2]];l++){f u=1c[a[9]][a[8]][l];q[Q]=u[a[11]][a[10]];1d=a[6];z(a[12]1n u){1d=u[a[12]][a[10]]}1w{z(a[13]1n u){1d=u[a[13]][a[10]]}};F[Q]=1P(1d,2o);z(a[14]1n u){1p=u[a[14]][a[15]]}1w{1p=a[16]};H[Q]=1p;R(f o=0;o<u[a[17]][a[2]];o++){z(u[a[17]][o][a[18]]==a[19]){t[Q]=u[a[17]][o][a[20]];1o}};Q++}}1g 1R(1v,l){R(f o=0;o<1v[a[2]];o++){z(1v[o]==l){1z!0}};1z!1}1g 2j(){f P=J I(0);f Y=J I(0);f Z=J I(0);f U=J I(0);R(f k=0;k<t[a[2]];k++){z(!1R(P,t[k])){P[a[2]]+=1;P[P[a[2]]-1]=t[k];Y[a[2]]+=1;Y[Y[a[2]]-1]=q[k];Z[a[2]]+=1;Z[Z[a[2]]-1]=F[k];U[a[2]]+=1;U[U[a[2]]-1]=H[k]}};q=Y;t=P;F=Z;H=U;R(f k=0;k<q[a[2]];k++){f G=1k[a[22]]((q[a[2]]-1)*1k[a[21]]());f 1S=q[k];f 1V=t[k];f 1U=F[k];f 1L=H[k];q[k]=q[G];t[k]=t[G];F[k]=F[G];H[k]=H[G];q[G]=1S;t[G]=1V;F[G]=1U;H[G]=1L};f 1f=0;f r=1k[a[22]]((q[a[2]]-1)*1k[a[21]]());f 1J=r;f N;f 1B=1y[a[23]];f 1G=1y[a[25]](a[24])[a[2]]-1;2s(1f<1C){z(t[r]!=1B){N=a[26];N+=a[27]+t[r]+a[28]+q[r]+a[29]+H[r][a[2A]](/\\/s[0-9]+(\\-c)?/,a[2x])+a[2u]+q[r]+a[28]+q[r]+a[2C];N+=a[2d]+t[r]+a[1W]+q[r]+a[2a];N+=a[1X]+F[r]+a[1Z];N+=a[2h];1y[a[25]](a[2b])[1G][a[2e]]=N;1f++;z(1f==1C){1o}};z(r<q[a[2]]-1){r++}1w{r=0};z(r==1J){1o}}}',62,163,'||||||||||_0xadc8|x41||x65|x6C|var|x69|x61|x74|x6E|_0x69b2x12|_0x69b2x8|x73|x72|_0x69b2x9|x27|judul|_0x69b2x19||urls|_0x69b2x6|x3C|x3E|x20|x75|if|x64|x67|x6D|x6F|x2F|snippet|_0x69b2x13|gambar|Array|new|x70|x3D|x68|_0x69b2x1b|x63|_0x69b2xe|rel|for|x43|x66|_0x69b2x11|x62|x45|x51|_0x69b2xf|_0x69b2x10|||||||||||x4C|x2D|_0x69b2x7|postcontent|x55|_0x69b2x18|function|x52|x4F|x53|Math|x30|x6B|in|break|postimg|x79|x54|x2E|x6A|x76|_0x69b2xc|else|x56|document|return|x49|_0x69b2x1c|jumlah|x32|x77|x4E|_0x69b2x1d|x48|x23|_0x69b2x1a|x42|_0x69b2x17|x34|x46|x24|filter|x36|contains|_0x69b2x14|x31|_0x69b2x16|_0x69b2x15|35|37|x39|38|||||||||||36|41|x3A|34|40|x78|x3B|39|x47|ignielRelatedList|relpostimgcuplik|x71|x44|x57|kata|x58|x37|x38|while|x33|32|x4D|x2C|30|x4B|x50|31|x2B|33'.split('|'),0,{}));
      //]]></script>
    <b:if cond='data:post.labels'>
      <b:loop values='data:post.labels' var='label'>
        <script expr:src='&quot;/feeds/posts/default/-/&quot; + data:label.name + &quot;?alt=json-in-script&amp;callback=relpostimgcuplik&amp;max-results=25&quot;'/>
      </b:loop>
      <ul>
        <script>ignielRelatedList();</script>
      </ul>
      <b:else/>
      Tidak ada artikel lain dengan kategori serupa.
    </b:if>
  </div>
  <div class='clear'/>
</b:if>
        </b:includable>
        <b:includable id='postBodySnippet' var='post'>
          <div class='container post-body entry-content' expr:id='&quot;post-snippet-&quot; + data:post.id'>
            <b:if cond='data:post.featuredImage'>
              <div class='snippet-thumbnail'>
                <a expr:href='data:post.link ?: data:post.url' expr:title='data:post.title'>
                  <b:include data='{image: data:post.featuredImage, imageSizes: [32, 64, 128, 256], imageRatio: &quot;4:3&quot;, sourceSizes: &quot;(max-width: 480px) 100vw, 256px&quot;}' name='responsiveImage'/>
                </a>
              </div>
            </b:if>
            <b:include data='post' name='postTitle'/>
          </div>
        </b:includable>
        <b:includable id='postComments' var='post'>
  <article class='post-outer'>
    <!-- Post title and body -->
      <b:include data='post' name='post'/>

    <!-- Comments -->
    <b:include cond='data:view.isSingleItem' data='post' name='commentPicker'/>

    <!-- Show ad inside post container, after comments, if single item. -->
    <b:include cond='data:view.isSingleItem and data:post.includeAd' data='post' name='inlineAd'/>
  </article>

  <!-- Show ad outside post container (between posts) for feed pages. -->
  <b:include cond='data:view.isMultipleItems and data:post.includeAd' data='post' name='inlineAd'/>
</b:includable>
        <b:includable id='postCommentsAndAd' var='post'>
  <article class='post-outer-container'>
    <!-- Post title and body -->
    <div class='post-outer'>
      <b:include data='post' name='post'/>
    </div>

    <!-- Comments -->
    <b:include cond='data:view.isSingleItem' data='post' name='commentPicker'/>

    <!-- Show ad inside post container, after comments, if single item. -->
    <b:include cond='data:view.isSingleItem and data:post.includeAd' data='post' name='inlineAd'/>
  </article>

  <!-- Show ad outside post container (between posts) for feed pages. -->
  <b:include cond='data:view.isMultipleItems and data:post.includeAd' data='post' name='inlineAd'/>
</b:includable>
        <b:includable id='postCommentsLink'>
  <b:if cond='data:view.isMultipleItems'>
    <span class='byline post-comment-link container'>
      <b:include cond='data:post.commentSource != 1' name='commentsLink'/>
      <b:include cond='data:post.commentSource == 1' name='commentsLinkIframe'/>
    </span>
  </b:if>
</b:includable>
        <b:includable id='postFooter' var='post'>
  <div class='post-footer'>
    <b:include name='footerBylines'/>
    <b:include data='post' name='postFooterAuthorProfile'/>
  </div>
</b:includable>
        <b:includable id='postFooterAuthorProfile' var='post'>
  <b:if cond='data:post.author.aboutMe and data:view.isPost'>
    <div class='author-profile'>
      <b:if cond='data:post.author.authorPhoto.url'>
        <img class='author-image' expr:src='data:post.author.authorPhoto.url' width='50px'/>
        <div class='author-about'>
          <b:include data='post' name='aboutPostAuthor'/>
        </div>
      <b:else/>
        <b:include data='post' name='aboutPostAuthor'/>
      </b:if>
    </div>
  </b:if>
</b:includable>
        <b:includable id='postHeader' var='post'>
  <b:include name='headerByline'/>
</b:includable>
        <b:includable id='postJumpLink' var='post'>
  <div class='jump-link flat-button'>
    <a expr:href='data:post.url fragment &quot;more&quot;' expr:title='data:post.title'>
      <b:eval expr='data:blog.jumpLinkMessage'/>
    </a>
  </div>
</b:includable>
        <b:includable id='postLabels'>
  <span class='byline post-labels'>
    <span class='byline-label'><data:byline.label/></span>
    <b:loop index='i' values='data:post.labels' var='label'>
      <a expr:href='data:label.url' rel='tag'>
        <data:label.name/>
      </a>
    </b:loop>
  </span>
</b:includable>
        <b:includable id='postLocation'>
  <span class='byline post-location'>
    <data:byline.label/>
    <a expr:href='data:post.location.mapsUrl' target='_blank'><data:post.location.name/></a>
  </span>
</b:includable>
        <b:includable id='postMeta' var='post'>
          <b:include data='post' name='postMetadataJSON'/>
        </b:includable>
        <b:includable id='postMetadataJSONImage'>
  &quot;image&quot;: {
    &quot;@type&quot;: &quot;ImageObject&quot;,
    <b:if cond='data:post.featuredImage.isResizable'>
    &quot;url&quot;: &quot;<b:eval expr='resizeImage(data:post.featuredImage, 1200, &quot;1200:630&quot;)'/>&quot;,
    &quot;height&quot;: 630,
    &quot;width&quot;: 1200
    <b:else/>
    &quot;url&quot;: &quot;https://lh3.googleusercontent.com/ULB6iBuCeTVvSjjjU1A-O8e9ZpVba6uvyhtiWRti_rBAs9yMYOFBujxriJRZ-A=w1200&quot;,
    &quot;height&quot;: 348,
    &quot;width&quot;: 1200
    </b:if>
  },
</b:includable>
        <b:includable id='postMetadataJSONPublisher'>
 &quot;publisher&quot;: {
    &quot;@type&quot;: &quot;Organization&quot;,
    &quot;name&quot;: &quot;Blogger&quot;,
    &quot;logo&quot;: {
      &quot;@type&quot;: &quot;ImageObject&quot;,
      &quot;url&quot;: &quot;https://lh3.googleusercontent.com/ULB6iBuCeTVvSjjjU1A-O8e9ZpVba6uvyhtiWRti_rBAs9yMYOFBujxriJRZ-A=h60&quot;,
      &quot;width&quot;: 206,
      &quot;height&quot;: 60
    }
  },
</b:includable>
        <b:includable id='postPagination'>
          <div class='blog-pager' id='blog-pager'>
            <b:if cond='data:newerPageUrl'>
              <span id='blog-pager-newer-link'>
                <a class='blog-pager-newer-link' expr:href='data:newerPageUrl' expr:id='data:widget.instanceId + &quot;_blog-pager-newer-link&quot;' expr:title='data:newerPageTitle'><data:newerPageTitle/></a>
              </span>
            </b:if>
            <b:if cond='data:olderPageUrl'>
              <span id='blog-pager-older-link'>
                <a class='blog-pager-older-link' expr:href='data:olderPageUrl' expr:id='data:widget.instanceId + &quot;_blog-pager-older-link&quot;' expr:title='data:olderPageTitle'>
                  Artikel Berikutnya
                </a>
              </span>
            </b:if>
            <a class='home-link' expr:href='data:blog.homepageUrl'><data:homeMsg/></a>
            <b:if cond='data:mobileLinkUrl'>
              <div class='blog-mobile-link'>
                <a expr:href='data:mobileLinkUrl'><data:mobileLinkMsg/></a>
              </div>
            </b:if>
          </div>
        </b:includable>
        <b:includable id='postReactions'>
  <!-- Reaction feature no longer available. The includable is retained for backwards-compatibility. -->
</b:includable>
        <b:includable id='postShareButtons'>
  <div class='byline post-share-buttons goog-inline-block'>
    <b:with value='data:sharingId ?: ((data:widget.instanceId ?: &quot;sharing&quot;) + &quot;-&quot; + (data:regionName ?: &quot;byline&quot;) + &quot;-&quot; + data:post.id)' var='sharingId'>
      <!-- Note: 'sharingButtons' includable is from the default Sharing widget markup. -->
      <b:include data='{                                                sharingId: data:sharingId,                                                originalUrl: data:post.url,                                                platforms: data:this.sharing.platforms,                                                shareUrl: data:post.shareUrl,                                                shareTitle: data:post.title,                                              }' name='sharingButtons'/>
    </b:with>
  </div>
</b:includable>
        <b:includable id='postTimestamp'>
  <span class='byline post-timestamp'>
    <data:byline.label/>
    <b:if cond='data:post.url'>
      <meta expr:content='data:post.url.canonical'/>
      <a class='timestamp-link' expr:href='data:post.url' rel='bookmark' title='permanent link'>
        <time class='published' expr:datetime='data:post.date.iso8601' expr:title='data:post.date.iso8601'>
          <data:post.date/>
        </time>
      </a>
    </b:if>
  </span>
</b:includable>
        <b:includable id='postTitle' var='post'>
          <b:if cond='data:post.title != &quot;&quot;'>
            <h3 class='post-title entry-title'>
              <a expr:href='data:post.link ?: data:post.url' expr:title='data:post.title'><data:post.title/></a>
            </h3>
          </b:if>
        </b:includable>
        <b:includable id='previousPageLink'>
  <a class='blog-pager-newer-link' expr:href='data:newerPageUrl' expr:id='data:widget.instanceId + &quot;_blog-pager-newer-link&quot;' expr:title='data:messages.newerPosts'>
    <data:messages.newerPosts/>
  </a>
</b:includable>
        <b:includable id='sharingButton'>
  <span expr:aria-label='data:platform.shareMessage' expr:class='&quot;sharing-platform-button sharing-element-&quot; + data:platform.key' expr:data-href='data:shareUrl + &quot;&amp;target=&quot; + data:platform.target' expr:data-url='data:originalUrl' expr:title='data:platform.shareMessage' role='menuitem' tabindex='-1'>
    <b:include name='sharingPlatformIcon'/>
    <span class='platform-sharing-text'><data:platform.name/></span>
  </span>
</b:includable>
        <b:includable id='sharingButtonContent'>
  <div class='flat-icon-button ripple'>
    <b:include name='shareIcon'/>
  </div>
</b:includable>
        <b:includable id='sharingButtons'>
  <div class='sharing' expr:aria-owns='&quot;sharing-popup-&quot; + data:sharingId' expr:data-title='data:shareTitle'>
    <button class='sharing-button touch-icon-button' expr:aria-controls='&quot;sharing-popup-&quot; + data:sharingId' expr:aria-label='data:messages.share.escaped' expr:id='&quot;sharing-button-&quot; + data:sharingId' role='button'>
      <b:include name='sharingButtonContent'/>
    </button>
    <b:include name='sharingButtonsMenu'/>
  </div>
</b:includable>
        <b:includable id='sharingButtonsMenu'>
  <div class='share-buttons-container'>
    <ul aria-hidden='true' class='share-buttons hidden' expr:aria-label='data:messages.share.escaped' expr:id='&quot;sharing-popup-&quot; + data:sharingId' role='menu'>
      <b:loop values='(data:platforms ?: data:blog.sharing.platforms) filter (p =&gt; p.key not in {&quot;blogThis&quot;})' var='platform'>
        <li>
          <b:include name='sharingButton'/>
        </li>
      </b:loop>
      <li aria-hidden='true' class='hidden'>
        <b:include name='otherSharingButton'/>
      </li>
    </ul>
  </div>
</b:includable>
        <b:includable id='sharingPlatformIcon'>
  <b:include data='{ iconClass: (&quot;touch-icon sharing-&quot; + data:platform.key) }' expr:name='data:platform.key + &quot;Icon&quot;'/>
</b:includable>
        <b:includable id='threadedCommentForm' var='post'>
  <div class='comment-form'>
    <a name='comment-form'/>
    <h4 id='comment-post-message'><data:messages.postAComment/></h4>
    <b:if cond='data:this.messages.blogComment != &quot;&quot;'>
      <p><data:this.messages.blogComment/></p>
    </b:if>
    <b:include data='post' name='commentFormIframeSrc'/>
    <iframe allowtransparency='allowtransparency' class='blogger-iframe-colorize blogger-comment-from-post' expr:height='data:cmtIframeInitialHeight ?: &quot;90px&quot;' frameborder='0' id='comment-editor' name='comment-editor' src='' width='100%'/>
    <data:post.cmtfpIframe/>
    <script type='text/javascript'>
      BLOG_CMT_createIframe(&#39;<data:post.appRpcRelayPath/>&#39;);
    </script>
  </div>
</b:includable>
        <b:includable id='threadedCommentJs' var='post'>
  <script async='async' expr:src='data:post.commentSrc' type='text/javascript'/>
  <b:template-script inline='true' name='threaded_comments'/>
  <script type='text/javascript'>
    blogger.widgets.blog.initThreadedComments(
        <data:post.commentJso/>,
        <data:post.commentMsgs/>,
        <data:post.commentConfig/>);
  </script>
</b:includable>
        <b:includable id='threadedComments' var='post'>
  <section class='comments threaded' expr:data-embed='data:post.embedCommentForm' expr:data-num-comments='data:post.numberOfComments' id='comments'>
    <a name='comments'/>

    <b:include name='commentsTitle'/>

    <div class='comments-content'>
      <b:if cond='data:post.embedCommentForm'>
        <b:include data='post' name='threadedCommentJs'/>
      </b:if>
      <div id='comment-holder'>
         <data:post.commentHtml/>
      </div>
    </div>

    <p class='comment-footer'>
      <b:if cond='data:post.allowNewComments'>
        <b:include data='post' name='threadedCommentForm'/>
      <b:else/>
        <data:post.noNewCommentsText/>
      </b:if>
    </p>

    <b:if cond='data:showCmtPopup'>
      <div id='comment-popup'>
        <iframe allowtransparency='allowtransparency' frameborder='0' id='comment-actions' name='comment-actions' scrolling='no'>
        </iframe>
      </div>
    </b:if>
  </section>
</b:includable>
      </b:widget>
      <b:widget cond='data:view.isPost' id='HTML5' locked='true' title='Iklan Tengah Artikel' type='HTML' version='2' visible='true'>
        <b:widget-settings>
          <b:widget-setting name='content'>&lt;!-- Hapus semua kode ini dan ganti dengan kode HTML --&gt;
&lt;div style=&quot;color:#fff; background-color:#9C27B0; padding:40px; font-size:20px; margin:auto; text-align:center;&quot;&gt;Kode Iklan Tengah Artikel&lt;/div&gt;</b:widget-setting>
        </b:widget-settings>
        <b:includable id='main'>
          <div class='widget-content ignielMiddleAds'>
            <data:content/>
          </div>
        </b:includable>
      </b:widget>
    </b:section>
    <b:section id='tambahan' name='Tambahan Lain'>
      <b:widget id='HTML3' locked='true' title='Histats' type='HTML' version='2' visible='false'>
        <b:widget-settings>
          <b:widget-setting name='content'/>
        </b:widget-settings>
        <b:includable id='main'>
          <div class='widget-content'>
            <data:content/>
          </div>
        </b:includable>
      </b:widget>
      <b:widget id='HTML4' locked='true' title='Script Lain' type='HTML' version='2' visible='false'>
        <b:widget-settings>
          <b:widget-setting name='content'/>
        </b:widget-settings>
        <b:includable id='main'>
          <div class='widget-content'>
            <data:content/>
          </div>
        </b:includable>
      </b:widget>
    </b:section>
  </main>
  <script> //<![CDATA[
    window.config = {
      infinite_scroll:true, // `true` jika mau pakai, `false` jika tidak
      auto: true // `true` jika auto load, `false` jika harus klik tombol dulu
    }
    eval(function(p,a,c,k,e,d){e=function(c){return(c<a?'':e(parseInt(c/a)))+((c=c%a)>35?String.fromCharCode(c+29):c.toString(36))};if(!''.replace(/^/,String)){while(c--){d[e(c)]=k[c]||e(c)}k=[function(e){return d[e]}];e=function(){return'\\w+'};c=1};while(c--){if(k[c]){p=p.replace(new RegExp('\\b'+e(c)+'\\b','g'),k[c])}}return p}('A c=["\\G\\F\\H\\z\\q\\e\\b\\a\\e\\b\\y\\q\\d\\h\\a\\h","\\f\\k\\i\\g\\n\\b","\\k\\i\\a\\d\\b\\a\\u\\m\\a\\p\\a\\e\\b","\\b\\r\\n\\a","\\b\\a\\I\\b\\j\\x\\d\\v\\d\\f\\k\\i\\g\\n\\b","\\f\\i\\k","\\t\\b\\b\\n\\f\\E\\j\\j\\k\\h\\e\\s\\i\\d\\K\\l\\g\\b\\s\\k\\q\\p\\j\\g\\l\\e\\g\\a\\m\\j\\D\\m\\q\\l\\l\\a\\i\\j\\p\\d\\f\\b\\a\\i\\j\\g\\l\\m\\q\\j\\v\\B\\s\\x\\f","\\d\\f\\r\\e\\k","\\d\\n\\n\\a\\e\\h\\z\\t\\g\\m\\h","\\t\\a\\d\\h","\\l\\a\\b\\u\\m\\a\\p\\a\\e\\b\\f\\Q\\r\\N\\d\\l\\M\\d\\p\\a","\\d\\h\\h\\u\\v\\a\\e\\b\\y\\g\\f\\b\\a\\e\\a\\i"];w[c[J]](c[0],P(){A o=w[c[2]](c[1]);o[c[3]]=c[4];o[c[5]]=c[6];o[c[7]]=L;w[c[C]](c[9])[0][c[8]](o)},O)',53,53,'||||||||||x65|x74|_0x6c73|x61|x6E|x73|x69|x64|x72|x2F|x63|x67|x6C|x70|_0xf37dx1|x6D|x6F|x79|x2E|x68|x45|x76|document|x6A|x4C|x43|var|x32|10|x62|x3A|x4F|x44|x4D|x78|11|x77|true|x4E|x54|false|function|x42'.split('|'),0,{}));
    //]]> </script>

  <b:if cond='data:view.isPost'>
    <script> //<![CDATA[
      eval(function(p,a,c,k,e,d){e=function(c){return(c<a?'':e(parseInt(c/a)))+((c=c%a)>35?String.fromCharCode(c+29):c.toString(36))};if(!''.replace(/^/,String)){while(c--){d[e(c)]=k[c]||e(c)}k=[function(e){return d[e]}];e=function(){return'\\w+'};c=1};while(c--){if(k[c]){p=p.replace(new RegExp('\\b'+e(c)+'\\b','g'),k[c])}}return p}('G a=["\\p\\k\\t\\g\\k\\b\\h\\I\\k\\f\\f\\h\\b\\C\\f\\n","\\J\\D\\b\\e\\v\\A\\b\\h\\b\\L\\d\\c\\e\\C\\h\\h","\\p\\m\\c\\n\\d\\s\\c\\D\\d\\b\\e","\\h\\b\\g\\t\\d\\M","\\p\\m\\c\\n\\d\\s\\r\\c\\f\\v\\u\\r\\e\\N\\u\\p\\m\\c\\n\\d\\s\\r\\c\\f\\v\\u\\m","\\g\\c\\f\\b\\z\\B\\K\\b","\\H","\\k\\g\\n\\b\\e\\d\\F\\b\\Q\\c\\e\\b","\\m\\B\\e\\b\\g\\d\\z\\c\\f\\b","\\g\\b\\O\\d\\A\\k\\r\\h\\k\\g\\t"];S E(){o q=x[a[1]](a[0]);y(q){o w=x[a[1]](a[2]);P(o j=0;j<w[a[3]];j++){o i=w[j][a[1]](a[4]),l=R(i[a[3]]/2);y(i[l][a[5]]==a[6]){i[l][a[8]][a[7]](q[j],i[l])}T{i[l][a[8]][a[7]](q[j],i[l][a[9]])}}}}E()',56,56,'||||||||||_0x4064|x65|x6F|x74|x72|x64|x6E|x6C|_0x1eeex5|_0x1eeex4|x69|_0x1eeex6|x70|x73|let|x2E|_0x1eeex2|x62|x2D|x67|x20|x79|_0x1eeex3|document|if|x4E|x53|x61|x41|x75|ignielMiddleAds|x42|var|x50|x4D|x71|x6D|x63|x68|x2C|x78|for|x66|parseInt|function|else'.split('|'),0,{}));
      //]]> </script>
  </b:if>
&lt;!--</body>--&gt;&lt;/body&gt;
</html>